Intent,Text
0,"Puoi per piacere realizzare una nuova sala collaborazione con 15 partecipanti e la chiami ""Training aziendale""?"
0,puoi crearmi una nuova stanza per una riunione con 15 persone e chiamarla 'riunione mensile'
0,"Muxi, crea una stanza per il meeting ""Discussione modifiche"""
0,"Crea una sala riunione per 10 partecipanti e chiamala "" Riunione CoScienze """
0,Crea una sala riunione per l’incontro di domani con 5 partecipanti e nominala riunione del giorno
0,Muxi crea stanza da 5 e chiamala riunione
0,Crea una nuova sala conferenze chiamata “Riunione team” per 30 persone
0,"Muxi, puoi creare una sala conferenze per la riunione del teams, con 15 partecipanti e nominala Riunione mensile"
0,"Crea una sala conferenza, con 10 partecipanti nominata ""meeting"""
0,"Muxi, crea una stanza per 50 partecipanti il Daily Scrum Meeting"
0,"Muxi, crea una sala conferenze per 20 persone nominata ""riunione settimanale"""
0,Può creare una sala riunioni per il nostro team da 15 partecipanti nominandola riunione trimestrale?
0,"Puoi creare una sala per meeting che possa contenere 12 partecipanti e chiamarla ""Incontro progetto""?"
0,"Realizzami una nuova stanza con un ambiente scolastico per 50 partecipanti e nominala ""Classe 5B"""
0,mi creai una stanza di 25 persone di nome 'riunione mensile' per fare dei colloqui?
0,"crea una stanza ""DISCUSSION"" per il meeting e nominala ""Discussione modifiche"""
0,Imposta sala riunione per venerdì con il team di 15 partecipanti e nominale riunione bilancio
0,Puoi realizzarmi una sala per un meeting di 50 persone e chiamarla “stanza meeting” ?
0,"Muxi, puoi creare una nuova sala per la discussione di un progetto SW, con 20 partecipanti e nominala Riunione progetto SW"
0,"Crea una sala per riunioni che contenga 5 persone e abbia come nome ""Meeting esame""."
0,"Crea una nuova riunione con cinque partecipanti e chiamala ""Meeting"""
0,"Puoi creare una stanza per 30 persone chiamata ""daily meeting""?"
0,Puoi per favore creare una sala di collaborazione chiamata 'Brainstorming' per 10 partecipanti?
0,"Muxi, crea una stanza per la riunione del progetto 'Marketing Digitale' con 8 partecipanti e chiamala 'Marketing Meeting'."
0,Crea una sala conferenze per il workshop sulla leadership con 25 partecipanti e nominata 'Leadership Summit'.
0,Puoi realizzarmi una stanza per il training tecnico con 20 partecipanti chiamata 'Tech Training'?
0,"Muxi, crea una stanza per l'incontro del gruppo di studio con 6 partecipanti e chiamala 'Studio Session'."
0,Crea una sala riunioni per il team di sviluppo con 12 partecipanti e nominata 'Sprint Planning'.
0,Puoi creare una stanza per la conferenza sulle vendite con 50 partecipanti e chiamarla 'Sales Summit'?
0,"Muxi, crea una sala per il meeting di marketing con 15 partecipanti e nominala 'Marketing Strategy Session'."
0,Crea una sala per il workshop di formazione con 30 partecipanti e chiamala 'Training Workshop'.
0,Puoi realizzare una stanza per la riunione del consiglio direttivo con 10 partecipanti e nominata 'Board Meeting'.
0,Puoi creare una sala per la riunione di sviluppo prodotto con 8 partecipanti chiamata 'Product Development Meeting'?
0,"Muxi, crea una stanza per il briefing del progetto con 5 partecipanti e chiamala 'Project Kickoff'."
0,Crea una sala conferenze per il summit tecnologico con 50 partecipanti e nominata 'Tech Summit'.
0,Puoi realizzarmi una stanza per la riunione di marketing con 15 partecipanti chiamata 'Marketing Strategy Meeting'?
0,"Muxi, crea una stanza per la sessione di formazione sulle vendite con 20 partecipanti e chiamala 'Sales Training Session'."
0,Crea una sala riunioni per il team di supporto con 10 partecipanti e nominata 'Support Team Meeting'.
0,Puoi creare una sala per il workshop creativo con 30 partecipanti e chiamarla 'Creative Workshop'?
0,"Muxi, crea una sala per il meeting del comitato esecutivo con 12 partecipanti e nominala 'Executive Committee Meeting'."
0,Crea una sala per la conferenza sulle risorse umane con 40 partecipanti e chiamala 'HR Conference'.
0,Puoi realizzare una stanza per la riunione di progetto con 6 partecipanti e nominata 'Project Meeting'?
0,"Muxi, crea una stanza per il brainstorming delle idee con 10 partecipanti e chiamala 'Idea Generation Session'."
0,Crea una sala conferenze per il workshop di design con 25 partecipanti e nominata 'Design Workshop'.
0,Puoi creare una sala per la riunione di pianificazione con 8 partecipanti chiamata 'Planning Meeting'?
0,"Muxi, crea una stanza per il training di vendita con 15 partecipanti e chiamala 'Sales Training'."
0,Crea una sala riunioni per il team di ricerca e sviluppo con 10 partecipanti e nominata 'R&D Team Meeting'.
0,Puoi realizzarmi una stanza per il workshop di branding con 20 partecipanti chiamata 'Branding Workshop'?
0,"Muxi, crea una stanza per il meeting del comitato di gestione con 12 partecipanti e nominala 'Management Committee Meeting'."
0,Crea una sala per la conferenza sulle nuove tecnologie con 50 partecipanti e chiamala 'Tech Conference'.
0,Puoi creare una sala per il workshop di comunicazione con 15 partecipanti e chiamarla 'Communication Workshop'?
0,"Muxi, crea una sala per il meeting del team di design con 8 partecipanti e nominata 'Design Team Meeting'."
0,Crea una sala conferenze per il summit finanziario con 30 partecipanti e nominata 'Financial Summit'.
0,Puoi realizzare una stanza per la riunione di pianificazione del progetto con 6 partecipanti e nominata 'Project Planning Meeting'?
0,Puoi creare una sala per il workshop di team building con 10 partecipanti chiamata 'Team Building Workshop'?
0,"Muxi, crea una stanza per il meeting del gruppo di ricerca con 8 partecipanti e chiamala 'Research Group Meeting'."
0,Crea una sala conferenze per il summit delle risorse umane con 50 partecipanti e nominata 'HR Summit'.
0,Puoi realizzarmi una stanza per la riunione di pianificazione finanziaria con 15 partecipanti chiamata 'Financial Planning Meeting'?
0,"Muxi, crea una stanza per la sessione di formazione sui processi con 20 partecipanti e chiamala 'Process Training Session'."
0,Crea una sala riunioni per il team di customer service con 12 partecipanti e nominata 'Customer Service Team Meeting'.
0,Puoi creare una sala per il workshop di marketing digitale con 30 partecipanti e chiamarla 'Digital Marketing Workshop'?
0,"Muxi, crea una sala per il meeting del comitato di sviluppo con 12 partecipanti e nominala 'Development Committee Meeting'."
0,Crea una sala per la conferenza sulla sostenibilità con 40 partecipanti e chiamala 'Sustainability Conference'.
0,Puoi realizzare una stanza per la riunione di coordinamento con 6 partecipanti e nominata 'Coordination Meeting'?
0,"Muxi, crea una stanza per il brainstorming delle soluzioni con 10 partecipanti e chiamala 'Solution Brainstorming Session'."
0,Crea una sala conferenze per il workshop di marketing con influencer con 25 partecipanti e nominata 'Influencer Marketing Workshop'.
0,Puoi creare una sala per la riunione di valutazione delle prestazioni con 8 partecipanti chiamata 'Performance Review Meeting'?
0,"Muxi, crea una stanza per il training sulle competenze comunicative con 15 partecipanti e chiamala 'Communication Skills Training'."
0,Crea una sala riunioni per il team di project management con 10 partecipanti e nominata 'Project Management Team Meeting'.
0,Puoi realizzarmi una stanza per il workshop di prodotto con 20 partecipanti chiamata 'Product Workshop'?
0,"Muxi, crea una stanza per il meeting del comitato di amministrazione con 12 partecipanti e nominala 'Board Committee Meeting'."
0,Crea una sala per la conferenza sulle tendenze del mercato con 50 partecipanti e chiamala 'Market Trends Conference'.
0,Puoi creare una sala per il workshop di leadership con 15 partecipanti e chiamarla 'Leadership Workshop'?
0,"Muxi, crea una sala per il meeting del team di sviluppo software con 8 partecipanti e nominata 'Software Development Team Meeting'."
0,Crea una sala conferenze per il summit delle vendite con 30 partecipanti e nominata 'Sales Summit'.
0,Puoi realizzare una stanza per la riunione di valutazione delle strategie con 6 partecipanti e nominata 'Strategy Evaluation Meeting'?
0,"Muxi, crea una stanza per il brainstorming delle campagne pubblicitarie con 10 partecipanti"
0,Puoi creare una sala per il workshop di team building con 10 partecipanti chiamata 'Team Building Workshop'?
0,"Muxi, crea una stanza per il meeting del gruppo di ricerca con 8 partecipanti e chiamala 'Research Group Meeting'."
0,Crea una sala conferenze per il summit delle risorse umane con 50 partecipanti e nominata 'HR Summit'.
0,Puoi realizzarmi una stanza per la riunione di pianificazione finanziaria con 15 partecipanti chiamata 'Financial Planning Meeting'?
0,"Muxi, crea una stanza per la sessione di formazione sui processi con 20 partecipanti e chiamala 'Process Training Session'."
0,Crea una sala riunioni per il team di customer service con 12 partecipanti e nominata 'Customer Service Team Meeting'.
0,Puoi creare una sala per il workshop di marketing digitale con 30 partecipanti e chiamarla 'Digital Marketing Workshop'?
0,"Muxi, crea una sala per il meeting del comitato di sviluppo con 12 partecipanti e nominala 'Development Committee Meeting'."
0,Crea una sala per la conferenza sulla sostenibilità con 40 partecipanti e chiamala 'Sustainability Conference'.
0,Puoi realizzare una stanza per la riunione di coordinamento con 6 partecipanti e nominata 'Coordination Meeting'?
0,"Muxi, crea una stanza per il brainstorming delle soluzioni con 10 partecipanti e chiamala 'Solution Brainstorming Session'."
0,Crea una sala conferenze per il workshop di marketing con influencer con 25 partecipanti e nominata 'Influencer Marketing Workshop'.
0,Puoi creare una sala per la riunione di valutazione delle prestazioni con 8 partecipanti chiamata 'Performance Review Meeting'?
0,"Muxi, crea una stanza per il training sulle competenze comunicative con 15 partecipanti e chiamala 'Communication Skills Training'."
0,Crea una sala riunioni per il team di project management con 10 partecipanti e nominata 'Project Management Team Meeting'.
0,Puoi realizzarmi una stanza per il workshop di prodotto con 20 partecipanti chiamata 'Product Workshop'?
0,"Muxi, crea una stanza per il meeting del comitato di amministrazione con 12 partecipanti e nominala 'Board Committee Meeting'."
0,Crea una sala per la conferenza sulle tendenze del mercato con 50 partecipanti e chiamala 'Market Trends Conference'.
0,Puoi creare una sala per il workshop di leadership con 15 partecipanti e chiamarla 'Leadership Workshop'?
0,"Muxi, crea una sala per il meeting del team di sviluppo software con 8 partecipanti e nominata 'Software Development Team Meeting'."
0,Crea una sala conferenze per il summit delle vendite con 30 partecipanti e nominata 'Sales Summit'.
0,Puoi realizzare una stanza per la riunione di valutazione delle strategie con 6 partecipanti e nominata 'Strategy Evaluation Meeting'?
0,"Muxi, crea una stanza per il brainstorming delle campagne pubblicitarie con 10 partecipanti"
0,Puoi creare una sala di lavoro condivisa per un gruppo di 5 persone?
0,Crea una stanza apposita per le riunioni di progetto.
0,Crea una sala dedicata a un meeting strategico.
0,Puoi creare una sala per un workshop di sviluppo personale?
0,Crea una sala per una riunione di amministrazione con 10 partecipanti.
0,Crea una stanza per un evento di networking aziendale.
0,"Muxy, crea una sala per un webinar formativo."
0,Puoi creare una sala per una sessione di coaching di leadership?
0,Crea una sala per una riunione di vendita strategica con 20 partecipanti.
0,"Puoi per piacere realizzare una nuova sala collaborazione con 15 partecipanti e la chiami ""Training aziendale""?"
0,puoi crearmi una nuova stanza per una riunione con 15 persone e chiamarla 'riunione mensile'
0,"Crea una stanza per il meeting ""Discussione modifiche"""
0,"Crea una sala riunione per 10 partecipanti e chiamala "" Riunione CoScienze """
0,Crea una sala riunione per l’incontro di domani con 5 partecipanti e nominala riunione del giorno
0,Crea una nuova sala conferenze chiamata “Riunione team” per 30 persone
0,"Crea una sala conferenza, con 10 partecipanti nominata ""meeting"""
0,"Muxi, crea una sala conferenze per 20 persone nominata ""riunione settimanale"""
0,Può creare una sala riunioni per il nostro team da 15 partecipanti nominandola riunione trimestrale?
0,"Realizzami una nuova stanza con un ambiente scolastico per 50 partecipanti e nominala ""Classe 5B"""
0,mi creai una stanza di 25 persone di nome 'riunione mensile' per fare dei colloqui?
0,"crea una stanza ""DISCUSSION"" per il meeting e nominala ""Discussione modifiche"""
0,Imposta sala riunione per venerdì con il team di 15 partecipanti e nominale riunione bilancio
0,Puoi realizzarmi una sala per un meeting di 50 persone e chiamarla “stanza meeting” ?
0,"Muxi, puoi creare una nuova sala per la discussione di un progetto SW, con 20 partecipanti e nominala Riunione progetto SW"
0,"Crea una sala per riunioni che contenga 5 persone e abbia come nome ""Meeting esame""."
0,"Crea una nuova riunione con cinque partecipanti e chiamala ""Meeting"""
0,"Puoi creare una stanza per 30 persone chiamata ""daily meeting""?"
0,Puoi per favore creare una sala di collaborazione chiamata 'Brainstorming' per 10 partecipanti?
0,"Muxi, crea una stanza per la riunione del progetto 'Marketing Digitale' con 8 partecipanti e chiamala 'Marketing Meeting'."
0,Crea una sala conferenze per il workshop sulla leadership con 25 partecipanti e nominata 'Leadership Summit'.
0,Puoi realizzarmi una stanza per il training tecnico con 20 partecipanti chiamata 'Tech Training'?
0,Crea una sala riunioni per il team di sviluppo con 12 partecipanti e nominata 'Sprint Planning'.
0,Puoi creare una stanza per la conferenza sulle vendite con 50 partecipanti e chiamarla 'Sales Summit'?
0,Crea una sala per il workshop di formazione con 30 partecipanti e chiamala 'Training Workshop'.
0,Puoi realizzare una stanza per la riunione del consiglio direttivo con 10 partecipanti e nominata 'Board Meeting'.
0,"Muxi, crea una stanza per il briefing del progetto con 5 partecipanti e chiamala 'Project Kickoff'."
0,Puoi realizzarmi una stanza per la riunione di marketing con 15 partecipanti chiamata 'Marketing Strategy Meeting'?
0,Crea una sala riunioni per il team di supporto con 10 partecipanti e nominata 'Support Team Meeting'.
0,Crea una sala per la conferenza sulle risorse umane con 40 partecipanti e chiamala 'HR Conference'.
0,"Muxi, crea una stanza per il brainstorming delle idee con 10 partecipanti e chiamala 'Idea Generation Session'."
0,Puoi creare una sala per la riunione di pianificazione con 8 partecipanti chiamata 'Planning Meeting'?
0,"Muxi, crea una stanza per il training di vendita con 15 partecipanti e chiamala 'Sales Training'."
0,Puoi realizzarmi una stanza per il workshop di branding con 20 partecipanti chiamata 'Branding Workshop'?
0,Crea una sala per la conferenza sulle nuove tecnologie con 50 partecipanti e chiamala 'Tech Conference'.
0,Puoi creare una sala per il workshop di comunicazione con 15 partecipanti e chiamarla 'Communication Workshop'?
0,Crea una sala per una riunione con 15 partecipanti.
0,"Muxy, crea una nuova stanza per le conferenze aziendali."
0,Puoi creare una sala di collaborazione per un gruppo di 5 persone?
0,Crea una stanza apposita per le riunioni.
0,Crea una sala dedicata a un meeting.
0,Crea una sala di discussione per 15 persone.
0,"Muxy, realizza una nuova stanza per le presentazioni."
0,Puoi creare una sala di lavoro condivisa per un gruppo di 5 persone?
0,"Muxi, crea una stanza per la sessione di formazione sui processi con 20 partecipanti e chiamala 'Process Training Session'."
0,Crea una sala riunioni per il team di customer service con 12 partecipanti e nominata 'Customer Service Team Meeting'.
0,Puoi creare una sala per il workshop di marketing digitale con 30 partecipanti e chiamarla 'Digital Marketing Workshop'?
0,Crea una sala per la conferenza sulla sostenibilità con 40 partecipanti e chiamala 'Sustainability Conference'.
0,"Muxy, crea una sala per un webinar interattivo."
0,Crea una sala per una riunione di vendita con 20 partecipanti.
0,Crea una sala per un meeting strategico.
0,Crea una sala per una riunione di amministrazione con 10 partecipanti.
0,Crea una stanza per un evento di networking aziendale.
0,Crea una stanza apposita per le riunioni di progetto.
0,Crea una sala di discussione per 15 persone.
0,Crea una sala dedicata a un meeting.
0,Muxi crea stanza da 5 e chiamala riunione
0,"Muxi, puoi creare una sala conferenze per la riunione del teams, con 15 partecipanti e nominala Riunione mensile"
0,"Muxi, crea una stanza per 50 partecipanti il Daily Scrum Meeting"
0,Può creare una sala riunioni per il nostro team da 15 partecipanti nominandola riunione trimestrale?
0,"Puoi creare una sala per meeting che possa contenere 12 partecipanti e chiamarla ""Incontro progetto""?"
0,mi creai una stanza di 25 persone di nome 'riunione mensile' per fare dei colloqui?
0,"crea una stanza ""DISCUSSION"" per il meeting e nominala ""Discussione modifiche"""
0,Puoi realizzarmi una sala per un meeting di 50 persone e chiamarla “stanza meeting” ?
0,"Muxi, puoi creare una nuova sala per la discussione di un progetto SW, con 20 partecipanti e nominala Riunione progetto SW"
0,"Crea una nuova riunione con cinque partecipanti e chiamala ""Meeting"""
0,"Puoi creare una stanza per 30 persone chiamata ""daily meeting""?"
0,Puoi per favore creare una sala di collaborazione chiamata 'Brainstorming' per 10 partecipanti?
0,Crea una sala conferenze per il workshop sulla leadership con 25 partecipanti e nominata 'Leadership Summit'.
0,Crea una sala riunioni per il team di sviluppo con 12 partecipanti e nominata 'Sprint Planning'.
0,Crea una sala per il workshop di formazione con 30 partecipanti e chiamala 'Training Workshop'.
0,Puoi realizzare una stanza per la riunione del consiglio direttivo con 10 partecipanti e nominata 'Board Meeting'.
0,"Muxi, crea una stanza per il briefing del progetto con 5 partecipanti e chiamala 'Project Kickoff'."
0,Puoi realizzarmi una stanza per la riunione di marketing con 15 partecipanti chiamata 'Marketing Strategy Meeting'?
0,Crea una sala riunioni per il team di supporto con 10 partecipanti e nominata 'Support Team Meeting'.
0,"Muxi, crea una stanza per il brainstorming delle idee con 10 partecipanti e chiamala 'Idea Generation Session'."
0,Puoi creare una sala per la riunione di pianificazione con 8 partecipanti chiamata 'Planning Meeting'?
0,"Muxi, crea una stanza per il training di vendita con 15 partecipanti e chiamala 'Sales Training'."
0,Puoi realizzarmi una stanza per il workshop di branding con 20 partecipanti chiamata 'Branding Workshop'?
0,Crea una sala per la conferenza sulle nuove tecnologie con 50 partecipanti e chiamala 'Tech Conference'.
0,Puoi creare una sala per il workshop di comunicazione con 15 partecipanti e chiamarla 'Communication Workshop'?
0,"Crea una sala riunioni per 10 partecipanti e chiamala "" Riunione CoScienze """
0,Crea una sala riunioni per l’incontro di domani con 5 partecipanti e nominala riunione del giorno
0,Crea una nuova sala conferenze chiamata “Riunione team” per 30 persone
0,"Crea una sala conferenza, con 10 partecipanti nominata ""meeting"""
0,"Muxi, crea una sala conferenze per 20 persone nominata ""riunione settimanale"""
0,"Realizzami una nuova stanza con un ambiente scolastico per 50 partecipanti e nominala ""Classe 5B"""
0,Imposta sala riunione per venerdì con il team di 15 partecipanti e nominale riunione bilancio
0,"Crea una sala per riunioni che contenga 5 persone e abbia come nome ""Meeting esame""."
0,"Puoi creare una stanza per 30 persone chiamata ""daily meeting""?"
0,"Muxi, crea una stanza per la riunione del progetto 'Marketing Digitale' con 8 partecipanti e chiamala 'Marketing Meeting'."
0,Puoi realizzarmi una stanza per il training tecnico con 20 partecipanti chiamata 'Tech Training'?
0,"Muxi, crea una stanza per l'incontro del gruppo di studio con 6 partecipanti e chiamala 'Studio Session'."
0,Puoi creare una stanza per la conferenza sulle vendite con 50 partecipanti e chiamarla 'Sales Summit'?
0,"Muxi, crea una sala per il meeting di marketing con 15 partecipanti e nominala 'Marketing Strategy Session'."
0,Puoi realizzare una stanza per la riunione del consiglio direttivo con 10 partecipanti e nominata 'Board Meeting'.
0,Puoi creare una sala per la riunione di sviluppo prodotto con 8 partecipanti chiamata 'Product Development Meeting'?
0,Puoi creare una sala per la riunione di pianificazione con 8 partecipanti chiamata 'Planning Meeting'?
0,"Muxi, crea una stanza per il training di vendita con 15 partecipanti e chiamala 'Sales Training'."
0,"Muxi, crea una stanza per il meeting del comitato di gestione con 12 partecipanti e nominala 'Management Committee Meeting'."
0,Puoi creare una sala per il workshop di comunicazione con 15 partecipanti e chiamarla 'Communication Workshop'?
0,"Crea una sala conferenza, con 10 partecipanti nominata ""meeting"""
0,"Muxi, crea una sala conferenze per 20 persone nominata ""riunione settimanale"""
0,"crea una stanza ""DISCUSSION"" per il meeting e nominala ""Discussione modifiche"""
0,Imposta sala riunione per venerdì con il team di 15 partecipanti e nominale riunione bilancio
0,"Crea una sala per riunioni che contenga 5 persone e abbia come nome ""Meeting esame""."
0,"Puoi creare una stanza per 30 persone chiamata ""daily meeting""?"
0,"Muxi, crea una stanza per la riunione del progetto 'Marketing Digitale' con 8 partecipanti e chiamala 'Marketing Meeting'."
0,Puoi realizzarmi una stanza per il training tecnico con 20 partecipanti chiamata 'Tech Training'?
0,Puoi creare una stanza per la conferenza sulle vendite con 50 partecipanti e chiamarla 'Sales Summit'?
0,Puoi realizzare una stanza per la riunione del consiglio direttivo con 10 partecipanti e nominata 'Board Meeting'.
0,Puoi creare una sala per la riunione di pianificazione con 8 partecipanti chiamata 'Planning Meeting'?
0,"Muxi, crea una stanza per il training di vendita con 15 partecipanti e chiamala 'Sales Training'."
0,"Muxi, crea una stanza per il meeting del comitato di gestione con 12 partecipanti e nominala 'Management Committee Meeting'."
0,Puoi creare una sala per il workshop di comunicazione con 15 partecipanti e chiamarla 'Communication Workshop'?
0,"Muxy, crea una sala per un webinar interattivo."
0,Crea una sala per una riunione di vendita con 20 partecipanti.
0,Crea una sala per un meeting strategico.
0,Crea una sala per una riunione di amministrazione con 10 partecipanti.
0,Crea una stanza per un evento di networking aziendale.
0,Crea una stanza apposita per le riunioni di progetto.
0,Crea una sala di discussione per 15 persone.
0,Crea una sala dedicata a un meeting.
0,Muxi crea stanza da 5 e chiamala riunione
0,"Muxi, puoi creare una sala conferenze per la riunione del teams, con 15 partecipanti e nominala Riunione mensile"
0,"Muxi, crea una stanza per 50 partecipanti il Daily Scrum Meeting"
0,Può creare una sala riunioni per il nostro team da 15 partecipanti nominandola riunione trimestrale?
0,"Puoi creare una sala per meeting che possa contenere 12 partecipanti e chiamarla ""Incontro progetto""?"
0,mi creai una stanza di 25 persone di nome 'riunione mensile' per fare dei colloqui?
0,Puoi realizzarmi una sala per un meeting di 50 persone e chiamarla “stanza meeting” ?
0,"Muxi, puoi creare una nuova sala per la discussione di un progetto SW, con 20 partecipanti e nominala Riunione progetto SW"
0,"Crea una nuova riunione con cinque partecipanti e chiamala ""Meeting"""
0,"Muxi, crea una sala per il meeting di marketing con 15 partecipanti e nominala 'Marketing Strategy Session'."
0,Crea una sala per il workshop di formazione con 30 partecipanti e chiamala 'Training Workshop'.
0,"Muxi, crea una stanza per il briefing del progetto con 5 partecipanti e chiamala 'Project Kickoff'."
0,Crea una sala riunioni per il team di supporto con 10 partecipanti e nominata 'Support Team Meeting'.
0,"Muxi, crea una stanza per il brainstorming delle idee con 10 partecipanti e chiamala 'Idea Generation Session'."
0,"Muxi, crea una nuova sala conferenze per le presentazioni aziendali."
0,Puoi creare una sala di collaborazione per un gruppo di 10 persone?
0,Crea una stanza apposita per le riunioni di marketing.
0,Crea una sala dedicata a un meeting strategico di vendita.
0,Crea una sala di discussione per 20 persone.
0,"Muxi, realizza una nuova stanza per le sessioni di formazione aziendale."
0,Puoi creare una sala di lavoro condivisa per un gruppo di 8 persone?
0,"Muxi, crea una stanza per la sessione di formazione sulle competenze tecniche con 15 partecipanti e chiamala 'Technical Skills Training Session'."
0,Crea una sala riunioni per il team di customer success con 10 partecipanti e nominatala 'Customer Success Team Meeting'.
0,Puoi creare una sala per il workshop di branding e comunicazione con 25 partecipanti e chiamarla 'Branding and Communication Workshop'?
0,Crea una sala per la conferenza sulla sostenibilità e l'ambiente con 50 partecipanti e chiamala 'Sustainability and Environment Conference'.
0,"Muxi, crea una sala per un webinar interattivo sulle nuove tecnologie."
0,Crea una sala per una riunione di vendita strategica con 20 partecipanti.
0,Crea una sala per un meeting di pianificazione finanziaria.
0,Crea una sala per una riunione di amministrazione e governance con 10 partecipanti.
0,Crea una stanza per un evento di networking e collaborazione aziendale.
0,Crea una stanza apposita per le riunioni di progetto di sviluppo software.
0,Crea una sala di discussione e condivisione di idee per 10 persone.
0,Crea una sala dedicata a un meeting di marketing e promozione.
0,"Muxi crea una stanza per un gruppo di lavoro di 6 persone e chiamala ""Team Meeting Room""."
0,"Muxi, puoi creare una sala conferenze per la riunione del team di vendita, con 15 partecipanti e nominarla Riunione mensile di vendita."
0,"Muxi, crea una stanza per 50 partecipanti per il Daily Scrum Meeting di sviluppo software."
0,Puoi creare una sala riunioni per il nostro team da 15 partecipanti e chiamarla Riunione trimestrale del team?
0,"Crea una sala per meeting che possa contenere 12 partecipanti e chiamala ""Incontro di progetto""."
0,"Puoi creare una stanza di 25 persone chiamata ""Riunione mensile"" per fare dei colloqui?"
0,"Crea una stanza ""DISCUSSION"" per il meeting e nominata ""Discussione modifiche""."
0,"Puoi realizzarmi una sala per un meeting di 50 persone e chiamarla ""Stanza per meeting""?"
0,"Muxi, puoi creare una nuova sala per la discussione di un progetto SW, con 20 partecipanti e nominarla Riunione progetto SW?"
0,"Crea una nuova riunione con cinque partecipanti e chiamala ""Meeting del team""."
0,"Puoi creare una stanza per 30 persone chiamata ""daily meeting""?"
0,Puoi per favore creare una sala di collaborazione chiamata 'Brainstorming' per 10 partecipanti?
0,Crea una sala conferenze per il workshop sulla leadership e la gestione del cambiamento con 25 partecipanti e nominatala 'Leadership and Change Management Workshop'.
0,Crea una sala riunioni per il team di sviluppo software con 12 partecipanti e nominatala 'Software Development Team Meeting'.
0,Puoi creare una sala per il workshop di formazione sui processi aziendali con 30 partecipanti e chiamarla 'Business Process Training Workshop'?
0,"Muxi, crea una stanza per il briefing del progetto con 5 partecipanti e chiamala 'Project Briefing'."
0,Puoi realizzarmi una stanza per la riunione di marketing con 15 partecipanti chiamata 'Marketing Strategy Meeting'?
0,Crea una sala riunioni per il team di supporto tecnico con 10 partecipanti e nominatala 'Technical Support Team Meeting'. 38Ecco altre 100 frasi basate sulle richieste precedenti:
0,"Muxi, crea una stanza per il brainstorming delle idee con 10 partecipanti e chiamala 'Idea Brainstorming Session'."
0,Puoi creare una sala per la riunione di pianificazione del progetto con 8 partecipanti chiamata 'Project Planning Meeting'?
0,"Muxi, crea una stanza per il training di vendita con 15 partecipanti e chiamala 'Sales Training'."
0,Puoi realizzarmi una stanza per il workshop di branding con 20 partecipanti chiamata 'Branding Workshop'?
0,Crea una sala per la conferenza sulle nuove tecnologie con 50 partecipanti e chiamala 'Tech Conference'.
0,Puoi creare una sala per il workshop di comunicazione con 15 partecipanti e chiamarla 'Communication Workshop'?
0,"Muxi, crea una stanza per il meeting del team di design con 8 partecipanti e nominatala 'Design Team Meeting'."
0,Crea una sala conferenze per il summit delle vendite con 30 partecipanti e nominatala 'Sales Summit'.
0,Puoi realizzarmi una stanza per la riunione di valutazione delle strategie con 6 partecipanti e nominatala 'Strategy Evaluation Meeting'?
0,"Muxi, crea una stanza per il brainstorming delle campagne pubblicitarie con 10 partecipanti e chiamala 'Advertising Campaign Brainstorming Session'."
0,Crea una sala per il workshop di team building con 10 partecipanti e chiamala 'Team Building Workshop'.
0,"Muxi, crea una stanza per il meeting del gruppo di ricerca con 8 partecipanti e nominatala 'Research Group Meeting'."
0,Crea una sala conferenze per il summit delle risorse umane con 50 partecipanti e nominatala 'HR Summit'.
0,Puoi realizzarmi una stanza per la riunione di pianificazione finanziaria con 15 partecipanti chiamata 'Financial Planning Meeting'?
0,"Muxi, crea una stanza per la sessione di formazione sui processi con 20 partecipanti e chiamala 'Process Training Session'."
0,Crea una sala riunioni per il team di customer service con 12 partecipanti e nominatala 'Customer Service Team Meeting'.
0,Puoi creare una sala per il workshop di marketing digitale con 30 partecipanti e chiamarla 'Digital Marketing Workshop'?
1,Puoi fissare un incontro per un meeting con i dipendenti per il 15/06/2023 dalle 15 alle 15:40?
1,puoi programmarmi un meeting per ripetere l'esame con i miei amici per domani alle 17:00 fino alle 19:00?
1,"Programma un nuovo meeting per il team di software engineering per discutere delle modifiche da apportare al progetto, il giorno 8 giugno dalle 16 alle 18"
1,"Fissa meeting ""nuovo direttivo"" per nomina presidenza per il 28 maggio, dalle 12 alle 16"
1,Programma il meeting  con il team di Mattia per giovedì 10 luglio dalle 10:00 alle 11:00
1,Muxi fissa incontro con cliente domani alle 10:30
1,Inserisci una nuova riunione con il team di gestione eventi il giorno 10 giugno dalle ore 15:00 alle ore 17:30
1,"Muxi, puoi fissare un nuovo incontro per il team di Developers Recruiter per discutere della strategia di reclutamento per il 16 giugno dalle 10:00 alle 11:00?"
1,"Crea nuovo incontro per team A, il giorno 7 aprile dalle ore 17 alle ore 18"
1,"Mixu, fissa un nuovo incontro per il team di sviluppo per martedì 6 giugno dalle 9 alle 11:30"
1,"Muxi, fissa un meeting per il team Human Recruiter il 4 giugno dalle 16:00 alle 16:30"
1,Puoi fissare un nuovo meeting con Morgan Freeman per discutere della strategia di reclutamento per il 9 aprile dalle 15 alle 17?
1,Crea un nuovo incontro per il team di Sviluppo Progetto per la riunione numero 3 per il 5 maggio dalle 8:30 alle 13:00.
1,Programma un meeting per il 5 maggio dalle 9 alle 9:30
1,Puoi impostare un incontro per il team di sviluppo il 7 settembre dalle 10:00 alle 11:00?
1,mi programmi un meeting per domani alle 19 fino alle 20 per ripetere l'esame con i miei amici?
1,Fissa incontro con il team di pluto animali felici per il carico settimanale il 30 luglio alle 14:00
1,Puoi programmare l’un meeting con il team di vendita il 2 luglio dalle 10:00 alle 13:00?
1,"Puoi creare un nuovo meeting per la squadra di Project Manager per la discussione degli obiettivi mensili per il 25 gennaio, con orario dalle 7:30 alle 9:00?"
1,Puoi fissare un incontro per un meeting con i dipendenti per il 15/06/2023 dalle 15:00 alle 15:40?
1,Puoi programmarmi un meeting per ripetere l'esame con i miei amici per domani alle 17:00 fino alle 19:00?
1,"Programma un nuovo meeting per il team di software engineering per discutere delle modifiche da apportare al progetto, il giorno 8 giugno dalle 16:00 alle 18:00."
1,"Fissa un meeting ""nuovo direttivo"" per la nomina della presidenza per il 28 maggio, dalle 12:00 alle 16:00."
1,Programma il meeting con il team di Mattia per giovedì 10 luglio dalle 10:00 alle 11:00.
1,"Muxi, fissa un incontro con il cliente per domani alle 10:30."
1,Inserisci una nuova riunione con il team di gestione eventi il giorno 10 giugno dalle 15:00 alle 17:30.
1,"Muxi, puoi fissare un nuovo incontro per il team di Developers Recruiter per discutere della strategia di reclutamento per il 16 giugno dalle 10:00 alle 11:00?"
1,"Crea un nuovo incontro per il team A, il giorno 7 aprile dalle 17:00 alle 18:00."
1,"Muxi, fissa un nuovo incontro per il team di sviluppo per martedì 6 giugno dalle 9:00 alle 11:30."
1,"Muxi, fissa un meeting per il team Human Recruiter il 4 giugno dalle 16:00 alle 16:30."
1,Puoi fissare un nuovo meeting con Morgan Freeman per discutere della strategia di reclutamento per il 9 aprile dalle 15:00 alle 17:00?
1,Crea un nuovo incontro per il team di Sviluppo Progetto per la riunione numero 3 per il 5 maggio dalle 8:30 alle 13:00.
1,Programma un meeting per il 5 maggio dalle 9:00 alle 9:30.
1,Puoi impostare un incontro per il team di sviluppo il 7 settembre dalle 10:00 alle 11:00?
1,Puoi programmare un meeting per domani dalle 19:00 alle 20:00 per ripetere l'esame con i miei amici?
1,Fissa un incontro con il team di Pluto Animali Felici per il carico settimanale il 30 luglio alle 14:00.
1,Puoi programmare un meeting con il team di vendita il 2 luglio dalle 10:00 alle 13:00?
1,"Puoi creare un nuovo meeting per la squadra di Project Manager per la discussione degli obiettivi mensili per il 25 gennaio, con orario dalle 7:30 alle 9:00?"
1,Puoi fissare un incontro per la presentazione del nuovo prodotto con i clienti per il 20 agosto dalle 14:00 alle 16:00?
1,"Muxi, crea una riunione per il team di marketing per discutere delle nuove strategie pubblicitarie il giorno 5 settembre dalle 10:30 alle 12:00."
1,Programma un meeting per il dipartimento legale per la revisione dei contratti il 12 ottobre dalle 15:00 alle 17:00.
1,Puoi fissare un incontro per il team di ricerca e sviluppo per discutere delle nuove idee innovative il 18 settembre dalle 9:30 alle 11:00?
1,"Muxi, fissa un meeting per il team di customer support per analizzare i feedback dei clienti il 7 ottobre dalle 14:30 alle 16:00."
1,Puoi programmare un incontro per il dipartimento finanziario per la presentazione dei bilanci trimestrali il 15 novembre dalle 10:00 alle 12:00?
1,Programma una riunione di emergenza con il comitato di crisi per discutere delle azioni da intraprendere il 3 ottobre dalle 13:00 alle 15:00.
1,Fissa un incontro con il consulente legale esterno per la revisione dei contratti il 22 settembre dalle 11:00 alle 12:30.
1,Puoi fissare un nuovo meeting con il team di design per la revisione dei prototipi il 28 settembre dalle 15:30 alle 17:00?
1,"Muxi, crea una riunione per il team di vendita per definire le nuove strategie commerciali il 4 ottobre dalle 10:00 alle 12:00."
1,Programma un incontro con il fornitore principale per le negoziazioni contrattuali il 17 settembre dalle 16:00 alle 17:30.
1,Puoi fissare un incontro per il dipartimento IT per discutere dell'implementazione del nuovo sistema di gestione il 9 novembre dalle 14:00 alle 16:00?
1,"Muxi, fissa un meeting per il team di ricerca e sviluppo per valutare le nuove opportunità di mercato il 13 settembre dalle 9:30 alle 11:00."
1,Puoi programmare un incontro per il dipartimento marketing per la presentazione della nuova campagna pubblicitaria il 26 novembre dalle 10:30 alle 12:00?
1,Programma una riunione con il comitato di gestione per l'approvazione del budget annuale il 8 ottobre dalle 15:00 alle 17:00.
1,Fissa un incontro con il consulente finanziario per la revisione delle strategie di investimento il 23 settembre dalle 14:00 alle 15:30.
1,Puoi fissare un nuovo meeting con il team di produzione per la valutazione delle performance produttive il 29 settembre dalle 15:30 alle 17:00?
1,"Muxi, crea una riunione per il team di customer support per migliorare il servizio clienti il 5 ottobre dalle 14:30 alle 16:00."
1,Programma un incontro per il dipartimento legale per la definizione delle politiche di conformità il 13 novembre dalle 10:00 alle 12:00.
1,Puoi fissare un incontro con il team di marketing per la presentazione delle nuove idee promozionali il 19 settembre dalle 9:30 alle 11:00?
1,Crea una sala riunioni per l'incontro con i fornitori per le trattative contrattuali il 26 novembre dalle 16:00 alle 17:30.
1,"Muxi, fissa un meeting per il team di sviluppo per discutere delle nuove funzionalità del prodotto il 6 ottobre dalle 10:00 alle 12:00."
1,Puoi programmare un incontro per il dipartimento finanziario per la revisione delle spese mensili il 14 novembre dalle 10:30 alle 12:00?
1,Programma una riunione di emergenza con il comitato di gestione per gestire una crisi interna il 24 settembre dalle 13:00 alle 15:00.
1,Fissa un incontro con il consulente legale esterno per la consulenza sulla proprietà intellettuale il 2 ottobre dalle 11:00 alle 12:30.
1,Puoi fissare un nuovo meeting con il team di design per la valutazione dei concept creativi il 27 settembre dalle 15:30 alle 17:00?
1,"Muxi, crea una riunione per il team di vendita per l'analisi delle performance commerciali il 3 ottobre dalle 10:00 alle 12:00."
1,Programma un incontro con il fornitore principale per discutere delle richieste di personalizzazione il 16 settembre dalle 16:00 alle 17:30.
1,Puoi fissare un incontro per il dipartimento IT per la pianificazione dell'aggiornamento del sistema il 10 novembre dalle 14:00 alle 16:00?
1,"Muxi, fissa un meeting per il team di ricerca e sviluppo per la presentazione delle nuove soluzioni tecniche il 12 settembre dalle 9:30 alle 11:00."
1,Puoi programmare un incontro per il dipartimento marketing per la valutazione dei risultati della campagna pubblicitaria il 25 novembre dalle 10:30 alle 12:00?
1,Programma una riunione con il comitato di gestione per discutere delle strategie di espansione internazionale il 9 ottobre dalle 15:00 alle 17:00.
1,Fissa un incontro con il consulente finanziario per la revisione del piano di investimento il 22 settembre dalle 14:00 alle 15:30.
1,Puoi fissare un nuovo meeting con il team di produzione per l'ottimizzazione dei processi di fabbricazione il 28 settembre dalle 15:30 alle 17:00?
1,"Muxi, crea una riunione per il team di customer support per l'implementazione di nuovi strumenti di assistenza il 4 ottobre dalle 14:30 alle 16:00."
1,Programma un incontro per il dipartimento legale per la revisione delle politiche di privacy il 11 novembre dalle 10:00 alle 12:00.
1,Puoi fissare un incontro con il team di marketing per la presentazione delle nuove strategie di branding il 18 settembre dalle 9:30 alle 11:00?
1,"Muxi, fissa un meeting per il team di sviluppo per discutere delle richieste di miglioramento del prodotto il 7 ottobre dalle 10:00 alle 12:00."
1,Puoi programmare un incontro per il dipartimento finanziario per la pianificazione del budget annuale il 15 novembre dalle 10:30 alle 12:00?
1,Programma una riunione di emergenza con il comitato di gestione per gestire una situazione di crisi il 3 ottobre dalle 13:00 alle 15:00.
1,Fissa un incontro con il consulente legale esterno per la consulenza sulle questioni contrattuali il 23 settembre dalle 11:00 alle 12:30.
1,Puoi fissare un nuovo meeting con il team di design per la valutazione dei concept creativi il 27 settembre dalle 15:30 alle 17:00?
1,"Muxi, crea una riunione per il team di vendita per l'analisi delle performance commerciali il 3 ottobre dalle 10:00 alle 12:00."
1,Programma un incontro con il fornitore principale per discutere delle richieste di personalizzazione il 16 settembre dalle 16:00 alle 17:30.
1,Puoi fissare un incontro per il dipartimento IT per la pianificazione dell'aggiornamento del sistema il 10 novembre dalle 14:00 alle 16:00?
1,"Muxi, fissa un meeting per il team di ricerca e sviluppo per la presentazione delle nuove soluzioni tecniche il 12 settembre dalle 9:30 alle 11:00."
1,Puoi programmare un incontro per il dipartimento marketing per la valutazione dei risultati della campagna pubblicitaria il 25 novembre dalle 10:30 alle 12:00?
1,Programma una riunione con il comitato di gestione per discutere delle strategie di espansione internazionale il 9 ottobre dalle 15:00 alle 17:00.
1,Fissa un incontro con il consulente finanziario per la revisione del piano di investimento il 22 settembre dalle 14:00 alle 15:30.
1,Puoi fissare un incontro per il dipartimento legale per la valutazione dei rischi legali il 17 ottobre dalle 14:00 alle 16:00?
1,Crea una sala riunioni per l'incontro con i fornitori per la discussione delle scadenze di consegna il 24 novembre dalle 10:00 alle 11:30.
1,"Muxi, fissa un meeting per il team di marketing per l'analisi del target di mercato il 2 ottobre dalle 9:30 alle 11:00."
1,Programma un incontro con il consulente finanziario per la revisione della strategia di gestione del patrimonio il 12 settembre dalle 15:00 alle 16:30.
1,Puoi fissare un incontro per il dipartimento IT per la presentazione delle nuove soluzioni software il 20 novembre dalle 14:00 alle 16:00?
1,Crea una sala riunioni per l'incontro con i partner per la definizione dei termini contrattuali il 27 ottobre dalle 11:00 alle 12:30.
1,"Muxi, fissa un meeting per il team di ricerca e sviluppo per la valutazione delle prestazioni dei nuovi prodotti il 5 ottobre dalle 10:00 alle 12:00."
1,Puoi programmare un incontro per il dipartimento marketing per la pianificazione della strategia di branding il 13 novembre dalle 10:30 alle 12:00?
1,Programma una riunione con il comitato di gestione per discutere delle strategie di riduzione dei costi il 1 ottobre dalle 13:00 alle 15:00.
1,Fissa un incontro con il consulente legale esterno per la consulenza sulla proprietà intellettuale il 19 settembre dalle 11:00 alle 12:30.
1,Puoi fissare un nuovo meeting con il team di produzione per l'ottimizzazione delle tempistiche di produzione il 25 settembre dalle 15:30 alle 17:00?
1,"Muxi, crea una riunione per il team di customer support per l'analisi dei tempi di risposta al cliente il 3 ottobre dalle 14:30 alle 16:00."
1,Programma un incontro per il dipartimento legale per la revisione delle politiche di sicurezza informatica il 11 novembre dalle 10:00 alle 12:00.
1,Puoi fissare un incontro con il team di marketing per la presentazione delle nuove strategie di comunicazione il 18 settembre dalle 9:30 alle 11:00?
1,"Muxi, fissa un meeting per il team di sviluppo per discutere delle richieste di aggiornamento del software il 7 ottobre dalle 10:00 alle 12:00."
1,Puoi programmare un incontro per il dipartimento finanziario per la valutazione delle performance degli investimenti il 15 novembre dalle 10:30 alle 12:00?
1,Programma una riunione di emergenza con il comitato di gestione per gestire una crisi aziendale il 3 ottobre dalle 13:00 alle 15:00.
1,Fissa un incontro con il consulente legale esterno per la consulenza sulle questioni contrattuali il 23 settembre dalle 11:00 alle 12:30.
1,Puoi fissare un nuovo meeting con il team di produzione per l'ottimizzazione dell'efficienza dei processi il 28 settembre dalle 15:30 alle 17:00?
1,"Muxi, crea una riunione per il team di customer support per l'implementazione di nuove strategie di assistenza clienti il 4 ottobre dalle 14:30 alle 16:00."
1,Programma un incontro per il dipartimento legale per la revisione delle politiche di conformità il 11 novembre dalle 10:00 alle 12:00.
1,Puoi fissare un incontro con il team di marketing per la presentazione delle nuove campagne promozionali il 18 settembre dalle 9:30 alle 11:00?
1,"Muxi, fissa un meeting per il team di sviluppo per discutere delle richieste di miglioramento delle funzionalità del software il 7 ottobre dalle 10:00 alle 12:00."
1,Puoi programmare un incontro per il dipartimento finanziario per la pianificazione del budget annuale il 15 novembre dalle 10:30 alle 12:00?
1,Programma una riunione di emergenza con il comitato di gestione per gestire una situazione critica il 3 ottobre dalle 13:00 alle 15:00.
1,Fissa un incontro con il consulente legale esterno per la consulenza sulla proprietà intellettuale il 23 settembre dalle 11:00 alle 12:30.
1,Puoi fissare un nuovo meeting per il prossimo lunedì?
1,Schedula un meeting con il team di marketing per discutere delle nuove strategie.
1,"Schedula un nuovo meeting e chiamalo ""Presentazione del nuovo prodotto""."
1,Fissa una nuova riunione per il giorno 8 giugno dalle 16:00 alle 18:00.
1,Puoi programmarmi un meeting per ripetere l'esame con i miei amici per domani alle 17:00 fino alle 19:00?
1,"Programma un nuovo meeting per il team di software engineering per discutere delle modifiche da apportare al progetto, il giorno 8 giugno dalle 16:00 alle 18:00."
1,"Fissa un meeting ""nuovo direttivo"" per la nomina della presidenza per il 28 maggio, dalle 12:00 alle 16:00."
1,Programma il meeting con il team di Mattia per giovedì 10 luglio dalle 10:00 alle 11:00.
1,"Muxi, fissa un incontro con il cliente per domani alle 10:30."
1,Inserisci una nuova riunione con il team di gestione eventi il giorno 10 giugno dalle 15:00 alle 17:30.
1,"Muxi, puoi fissare un nuovo incontro per il team di Developers Recruiter per discutere della strategia di reclutamento per il 16 giugno dalle 10:00 alle 11:00?"
1,"Crea un nuovo incontro per il team A, il giorno 7 aprile dalle 17:00 alle 18:00."
1,"Muxi, fissa un nuovo incontro per il team di sviluppo per martedì 6 giugno dalle 9:00 alle 11:30."
1,"Muxi, fissa un meeting per il team Human Recruiter il 4 giugno dalle 16:00 alle 16:30."
1,Puoi schedulare un nuovo meeting per il prossimo venerdì mattina?
1,Schedula un incontro con il dipartimento legale per discutere delle questioni contrattuali.
1,"Schedula un nuovo meeting e chiamalo ""Brainstorming per il lancio del prodotto""."
1,Fissa una riunione urgente per domani pomeriggio alle 15:00.
1,Puoi programmare un meeting per il gruppo di ricerca per lunedì alle 10:30?
1,Programma un nuovo meeting per il team di marketing per il 10 giugno dalle 14:00 alle 16:00.
1,"Fissa un meeting ""Aggiornamento del progetto"" per il 28 maggio, dalle 9:00 alle 12:00."
1,Programma il meeting con il team di vendita per giovedì 10 luglio dalle 14:00 alle 15:00.
1,"Muxi, fissa un incontro con il cliente per domani mattina alle 9:30."
1,Inserisci una nuova riunione con il team di progettazione il giorno 10 giugno dalle 13:00 alle 15:00.
1,"Muxi, puoi fissare un nuovo incontro per il team di risorse umane per discutere delle politiche aziendali per il 16 giugno dalle 10:00 alle 11:00?"
1,"Crea un meeting per il 18 agosto chiamato ""Team Human Recruiter"" per discutere delle strategie di reclutamento."
1,Fissa una nuova riunione il giorno 8 giugno dalle 16:00 alle 18:00 per affrontare le questioni urgenti del progetto.
1,Programma un nuovo meeting per il team di software engineering il giorno 8 giugno dalle 16:00 alle 18:00 per discutere delle modifiche da apportare al progetto.
1,Crea un nuovo incontro per il Team A il giorno 7 aprile dalle 17:00 alle 18:00 per fare il punto sulla situazione attuale.
1,Crea un incontro per discutere delle strategie di marketing.
1,Crea un nuovo incontro per il team di vendita per valutare le performance attuali.
1,Crea un meeting per discutere delle prossime azioni da intraprendere.
1,Crea un incontro per esaminare i risultati dell'ultimo trimestre.
1,Crea un nuovo meeting per il dipartimento di ricerca e sviluppo per presentare i nuovi progetti.
1,Crea un incontro per discutere delle strategie di comunicazione interna.
1,Crea un nuovo incontro per il team di marketing per pianificare la prossima campagna pubblicitaria.
1,Crea un meeting per valutare le richieste dei clienti e migliorare il servizio.
1,Crea un incontro per discutere delle opportunità di espansione internazionale.
1,Crea un nuovo meeting per il team di produzione per ottimizzare i processi di fabbricazione.
1,Crea un incontro per presentare i risultati dell'ultimo sondaggio di soddisfazione dei clienti.
1,Crea un nuovo meeting per il dipartimento finanziario per analizzare i costi e i profitti.
1,Crea un incontro per discutere delle strategie di fidelizzazione dei clienti.
1,Crea un nuovo meeting per il team di risorse umane per valutare le prestazioni dei dipendenti.
1,Crea un incontro per definire gli obiettivi aziendali per il prossimo anno.
1,Crea un nuovo meeting per il team di supporto tecnico per affrontare le principali problematiche riportate dai clienti.
1,Fissa una nuova riunione per il giorno 8 giugno dalle 13:00 alle 15:00.
1,Puoi programmarmi un meeting per definire le scadenze del progetto per domani alle 14:00?
1,"Programma un nuovo meeting per il team di vendite per discutere delle strategie di acquisizione clienti, il giorno 8 giugno dalle 13:00 alle 15:00."
1,"Fissa un meeting ""Pianificazione delle attività"" per il 28 maggio, dalle 10:00 alle 12:0050. Programma il meeting con il team di marketing per giovedì 10 luglio dalle 13:00 alle 14:00."
1,"Muxi, fissa un incontro con il cliente per domani pomeriggio alle 15:30."
1,Inserisci una nuova riunione con il team di sviluppo software il giorno 10 giugno dalle 11:00 alle 13:00.
1,"Muxi, puoi fissare un nuovo incontro per il team di risorse umane per discutere dei processi di assunzione per il 16 giugno dalle 14:00 alle 15:00?"
1,"Crea un nuovo incontro per il team D, il giorno 7 aprile dalle 14:00 alle 15:00."
1,"Muxi, fissa un nuovo incontro per il team di vendite per martedì 6 giugno dalle 13:00 alle 15:00."
1,"Muxi, fissa un meeting per il team di supporto tecnico il 4 giugno dalle 17:00 alle 17:30."
1,Puoi schedulare un nuovo meeting per la prossima settimana?
1,Schedula un meeting con il team di progettazione per discutere dei nuovi concept.
1,"Schedula un nuovo meeting e chiamalo ""Revisione delle performance del progetto""."
1,Fissa una nuova riunione per il giorno 8 giugno dalle 12:00 alle 14:00.
1,Puoi programmarmi un meeting per definire le priorità del progetto per domani alle 15:00?
1,"Programma un nuovo meeting per il team di marketing per discutere delle nuove campagne pubblicitarie, il giorno 8 giugno dalle 12:00 alle 14:00."
1,"Fissa un meeting ""Presentazione dei risultati"" per il 28 maggio, dalle 11:00 alle 13:00."
1,Programma il meeting con il team di ricerca e sviluppo per giovedì 10 luglio dalle 14:00 alle 15:30.
1,"Muxi, fissa un incontro con il partner commerciale per domani mattina alle 10:00."
1,Inserisci una nuova riunione con il team di finanza il giorno 10 giugno dalle 9:00 alle 11:00.
1,"Muxi, puoi fissare un nuovo incontro per il team di marketing per discutere delle strategie di pricing per il 16 giugno dalle 12:00 alle 13:00?"
1,"Crea un nuovo incontro per il team E, il giorno 7 aprile dalle 13:00 alle 14:00."
1,"Muxi, fissa un nuovo incontro per il team di produzione per martedì 6 giugno dalle 13:00 alle 15:00."
1,"Muxi, fissa un meeting per il team di supporto clienti il 4 giugno dalle 16:30 alle 17:00."
1,Puoi schedulare un nuovo meeting per il prossimo giovedì pomeriggio?
1,Schedula un meeting con il team di sviluppo per discutere dei bug da risolvere.
1,"Schedula un nuovo meeting e chiamalo ""Presentazione delle idee innovative""."
1,Fissa una nuova riunione per il giorno 8 giugno dalle 11:00 alle 13:00.
1,Puoi programmarmi un meeting per definire le milestone del progetto per domani alle 13:00?
1,"Programma un nuovo meeting per il team di risorse umane per discutere delle politiche di benefit, il giorno 8 giugno dalle 11:00 alle 13:00."
1,"Fissa un meeting ""Aggiornamento delle attività"" per il 28 maggio, dalle 13:00 alle 15:00."
1,Programma il meeting con il team di comunicazione per giovedì 10 luglio dalle 15:00 alle 16:00.
1,"Muxi, fissa un incontro con il cliente per domani alle 11:00."
1,Inserisci una nuova riunione con il team di marketing digitale il giorno 10 giugno dalle 14:00 alle 16:00.
1,"Muxi, puoi fissare un nuovo incontro per il team di sviluppo software per discutere delle nuove funzionalità per il 16 giugno dalle 11:00 alle 12:00?"
1,"Crea un nuovo incontro per il team F, il giorno 7 aprile dalle 12:00 alle 13:00."
1,"Muxi, fissa un nuovo incontro per il team di gestione del prodotto per martedì 6 giugno dalle 12:00 alle 14:00."
1,"Muxi, fissa un meeting per il team di assistenza clienti il 4 giugno dalle 17:30 alle 18:00."
1,Puoi schedulare un nuovo meeting per la prossima settimana?
1,Schedula un meeting con il team di vendite per discutere delle previsioni di vendita.
1,"Schedula un nuovo meeting e chiamalo ""Pianificazione del lancio del prodotto""."
1,Fissa una nuova riunione per il giorno 8 giugno dalle 10:00 alle 12:00.
1,Puoi programmarmi un meeting per definire i requisiti del progetto per domani alle 12:00?
1,"Programma un nuovo meeting per il team di comunicazione per discutere delle strategie di social media, il giorno 8 giugno dalle 10:00 alle 12:00."
1,"Fissa un meeting ""Valutazione delle performance individuali"" per il 28 maggio, dalle 15:00 alle 17:00."
1,Programma il meeting con il team di design per giovedì 10 luglio dalle 16:00 alle 17:00.
1,"Muxi, fissa un incontro con il fornitore per domani pomeriggio alle 16:30."
1,Inserisci una nuova riunione con il team di risorse umane il giorno 10 giugno dalle 13:00 alle 15:00.
1,"Muxi, puoi fissare un nuovo incontro per il team di marketing per discutere delle strategie di targeting per il 16 giugno dalle 10:00 alle 11:00?"
1,"Crea un nuovo incontro per il team G, il giorno 7 aprile dalle 11:00 alle 12:00."
1,"Muxi, fissa un nuovo incontro per il team di produzione per martedì 6 giugno dalle 11:00 alle 13:00."
1,"Muxi, fissa un meeting per il team per il ontrollo qualità il 4 giugno dalle 18:00 alle 18:30."
1,Puoi schedulare un nuovo meeting per il prossimo venerdì mattina?
1,Schedula un meeting con il team di ricerca e sviluppo per discutere delle nuove idee progettuali.
1,"Schedula un nuovo meeting e chiamalo ""Sessione di formazione sulle tecniche di vendita""."
1,Fissa una nuova riunione per il giorno 8 giugno dalle 9:00 alle 11:00.
1,Puoi programmarmi un meeting per definire i requisiti funzionali del progetto per domani alle 11:00?
1,"Programma un nuovo meeting per il team di gestione del progetto per discutere della pianificazione, il giorno 8 giugno dalle 9:00 alle 11:00."
1,"Fissa un meeting ""Revisione dei processi"" per il 28 maggio, dalle 16:00 alle 18:00."
1,Programma il meeting con il team di marketing digitale per giovedì 10 luglio dalle 16:00 alle 17:00.
1,"Muxi, fissa un incontro con il cliente per domani alle 9:00."
1,Inserisci una nuova riunione con il team di finanza il giorno 10 giugno dalle 8:00 alle 10:00.
1,"Muxi, puoi fissare un nuovo incontro per il team di sviluppo software per discutere delle best practice per il 16 giugno dalle 9:00 alle 10:00?"
1,"Crea un nuovo incontro per il team H, il giorno 7 aprile dalle 10:00 alle 11:00."
1,"Muxi, fissa un nuovo incontro per il team di vendite per martedì 6 giugno dalle 10:00 alle 12:00."
1,"Muxi, fissa un meeting per il team di supporto tecnico il 4 giugno dalle 18:00 alle 18:30."
1,Puoi schedulare un nuovo meeting per la prossima settimana?
1,Schedula un meeting con il team di gestione del prodotto per discutere delle roadmap.
1,"Schedula un nuovo meeting e chiamalo ""Sessione di formazione sulle competenze di leadership""."
1,Fissa una nuova riunione per il giorno 8 giugno dalle 8:00 alle 10:00.
1,Puoi programmarmi un meeting per discutere delle strategie di branding per domani alle 10:00?
1,"Programma un nuovo meeting per il team di risorse umane per discutere dei processi di onboarding, il giorno 8 giugno dalle 8:00 alle 10:00."
1,"Fissa un meeting ""Revisione dei risultati"" per il 28 maggio, dalle 17:00 alle 19:00."
1,Programma il meeting con il team di comunicazione per giovedì 10 luglio dalle 17:00 alle 18:00.
1,"Muxi, fissa un incontro con il cliente per domani mattina alle 8:30."
1,Inserisci una nuova riunione con il team di marketing digitale il giorno 10 giugno dalle 9:00 alle 11:00.
1,"Muxi, puoi fissare un nuovo incontro per il team di sviluppo software per discutere delle nuove tecnologie per il 16 giugno dalle 8:00 alle 9:00?"
1,"Crea un nuovo incontro per il team I, il giorno 7 aprile dalle 9:00 alle 10:00."
1,"Muxi, fissa un nuovo incontro per il team di produzione per martedì 6 giugno dalle 9:00 alle 11:00."
1,"Muxi, fissa un meeting per il team di assistenza clienti il 4 giugno dalle 18:30 alle 19:00."
1,Puoi schedulare un nuovo meeting per il prossimo giovedì pomeriggio?
1,Schedula un meeting con il team di sviluppo per discutere delle milestone del progetto.
1,"Schedula un nuovo meeting e chiamalo ""Sessione di formazione sulle tecniche di comunicazione""."
1,Fissa una nuova riunione per il giorno 8 giugno dalle 7:00 alle 9:00.
1,Puoi programmarmi un meeting per definire le scadenze intermedie del progetto per domani alle 9:00?
1,"Programma un nuovo meeting per il team di marketing per discutere delle campagne promozionali, il giorno 8 giugno dalle 7:00 alle 9:00."
1,"Fissa un meeting ""Valutazione delle performance di gruppo"" per il 28 maggio, dalle 18:00 alle 20:00."
1,Programma il meeting con il team di ricerca e sviluppo per giovedì 10 luglio dalle 18:00 alle 19:00.
1,"Muxi, fissa un incontro con il fornitore per domani pomeriggio alle 17:00."
1,Inserisci una nuova riunione con il team di risorse umane il giorno 10 giugno dalle 14:00 alle 16:00.
1,"Muxi, puoi fissare un nuovo incontro per il team di marketing per discutere delle strategie di segmentazione per il 16 giugno dalle 7:00 alle 8:00?"
1,"Crea un nuovo incontro per il team J, il giorno 7 aprile dalle 8:00 alle 9:00."
1,"Muxi, fissa un nuovo incontro per il team di vendite per martedì 6 giugno dalle 8:00 alle 10:00."
1,"Muxi, fissa un meeting per il team di supporto tecnico il 4 giugno dalle 19:00 alle 19:30."
1,Puoi schedulare un nuovo meeting per la prossima settimana?
1,Schedula un meeting con il team di produzione per discutere delle ottimizzazioni del processo.
1,"Schedula un nuovo meeting e chiamalo ""Sessione di formazione sulle tecniche di presentazione""."
1,Fissa una nuova riunione per il giorno 8 giugno dalle 7:30 alle 9:30.
1,Puoi programmarmi un meeting per definire i requisiti del progetto per domani alle 10:30?
1,"Programma un nuovo meeting per il team di gestione del progetto per discutere della pianificazione delle risorse, il giorno 8 giugno dalle 7:30 alle 9:30."
1,"Fissa un meeting ""Revisione delle procedure"" per il 28 maggio, dalle 9:00 alle 11:00."
1,Programma il meeting con il team di marketing digitale per giovedì 10 luglio dalle 19:00 alle 20:00.
1,"Muxi, fissa un incontro con il cliente per domani alle 8:00."
1,Inserisci una nuova riunione con il team di finanza il giorno 10 giugno dalle 7:30 alle 9:30.
1,"Muxi, puoi fissare un nuovo incontro per il team di sviluppo software per discutere delle best practice di codifica per il 16 giugno dalle 7:30 alle 8:30?"
1,"Crea un nuovo incontro per il team K, il giorno 7 aprile dalle 7:30 alle 8:30."
1,"Muxi, fissa un nuovo incontro per il team di produzione per martedì 6 giugno dalle 7:30 alle 9:30."
1,"Muxi, fissa un meeting per il team di assistenza clienti il 4 giugno dalle 19:30 alle 20:00."
1,Puoi schedulare un nuovo meeting per il prossimo venerdì mattina?
1,Schedula un meeting con il team di vendite per discutere delle strategie di upselling.
1,"Schedula un nuovo meeting e chiamalo ""Sessione di formazione sulle tecniche di negoziazione""."
1,Fissa una nuova riunione per il giorno 8 giugno dalle 7:30 alle 9:30.
1,Puoi programmarmi un meeting per discutere dell'analisi dei dati del progetto per domani alle 9:30?
1,"Programma un nuovo meeting per il team di risorse umane per discutere delle politiche di formazione, il giorno 8 giugno dalle 7:30 alle 9:30."
1,"Fissa un meeting ""Valutazione delle performance del team"" per il 28 maggio, dalle 9:30 alle 11:30."
1,Programma il meeting con il team di comunicazione per giovedì 10 luglio dalle 20:00 alle 21:00.
1,"Muxi, fissa un incontro con il cliente per domani mattina alle 7:30."
1,Inserisci una nuova riunione con il team di marketing digitale il giorno 10 giugno dalle 7:00 alle 9:00.
1,"Muxi, puoi fissare un nuovo incontro per il team di sviluppo software per discutere delle nuove metodologie agili per il 16 giugno dalle 7:00 alle 8:00?"
1,"Crea un nuovo incontro per il team L, il giorno 7 aprile dalle 7:00 alle 8:00."
1,"Muxi, fissa un nuovo incontro per il team di vendite per martedì 6 giugno dalle 7:00 alle 9:00."
1,"Muxi, fissa un meeting per il team di supporto tecnico il 4 giugno dalle 20:00 alle 20:30."
1,Puoi schedulare un nuovo meeting per la prossima settimana?
1,Schedula un meeting con il team di progettazione per discutere delle specifiche del prodotto.
1,"Schedula un nuovo meeting e chiamalo ""Sessione di formazione sulle tecniche di gestione del tempo""."
1,Fissa una nuova riunione per il giorno 8 giugno dalle 8:30 alle 10:30.
1,Puoi programmarmi un meeting per definire le milestone del progetto per domani alle 10:30?
1,"Programma un nuovo meeting per il team di marketing per discutere delle strategie di fidelizzazione, il giorno 8 giugno dalle 8:30 alle 10:30."
1,"Fissa un meeting ""Valutazione delle performance individuali"" per il 28 maggio, dalle 10:30 alle 12:30."
1,Programma il meeting con il team di ricerca e sviluppo per gioved177. Programma il meeting con il team di ricerca e sviluppo per giovedì 10 luglio dalle 21:00 alle 22:00.
1,"Muxi, fissa un incontro con il fornitore per domani pomeriggio alle 20:30."
1,Inserisci una nuova riunione con il team di risorse umane il giorno 10 giugno dalle 19:00 alle 21:00.
1,"Muxi, puoi fissare un nuovo incontro per il team di marketing per discutere delle strategie di promozione per il 16 giugno dalle 8:30 alle 9:30?"
1,"Crea un nuovo incontro per il team M, il giorno 7 aprile dalle 9:30 alle 10:30."
1,"Muxi, fissa un nuovo incontro per il team di produzione per martedì 6 giugno dalle 9:30 alle 11:30."
1,"Muxi, fissa un meeting per il team di assistenza clienti il 4 giugno dalle 20:30 alle 21:00."
1,Puoi schedulare un nuovo meeting per il prossimo giovedì pomeriggio?
1,Schedula un meeting con il team di vendite per discutere delle strategie di cross-selling.
1,"Schedula un nuovo meeting e chiamalo ""Sessione di formazione sulle tecniche di gestione del team""."
1,Fissa una nuova riunione per il giorno 8 giugno dalle 11:30 alle 13:30.
1,Puoi programmarmi un meeting per definire i requisiti del progetto per domani alle 13:30?
1,"Programma un nuovo meeting per il team di gestione del progetto per discutere della pianificazione delle risorse umane, il giorno 8 giugno dalle 11:30 alle 13:30."
2,Cambia lo scenario della riunione
2,Il meeting deve avere lo scenario di una riunione
2,Cambia scenario per la conferenza
2,Muxi crea scenario garage
2,Cambia lo scenario per una stanza collaborazione
2,"Muxi, puoi cambiare lo scenario per un colloquio?"
2,Cambia scenario per una conferenza
2,Cambia lo scenario per una conferenza
2,Puoi impostare lo scenario per una conferenza?
2,Cambia lo scenario con la sala colloqui.
2,puoi modificarmi lo scenario in una classe?
2,Puoi cambiare lo scenario con quello della classe?
2,modificami lo scenario in 'garage'
2,Metti un nuovo scenario per i colloqui
2,Puoi sostituire questo scenario per uno conferenza ?
2,"Muxi, puoi cambiare lo scenario per una conferenza?"
2,Modifica il paesaggio per una classe.
2,Cambia lo scenario del prossimo meeting.
2,Il meeting successivo dovrebbe avere uno scenario diverso.
2,Puoi modificare lo scenario della conferenza.
2,"Muxi, crea uno scenario in stile garage."
2,Cambia lo scenario per una stanza di collaborazione.
2,"Muxi, puoi cambiare lo scenario per un colloquio?"
2,Cambia lo scenario per una conferenza.
2,Puoi impostare uno scenario per una conferenza?
2,Cambia lo scenario con la sala colloqui.
2,Puoi modificare lo scenario in una classe?
2,Puoi cambiare lo scenario con quello di una classe?
2,"Modificami lo scenario in ""garage""."
2,Metti un nuovo scenario per i colloqui.
2,Puoi sostituire questo scenario con uno per una conferenza?
2,"Muxi, puoi cambiare lo scenario per una conferenza?"
2,Modifica il paesaggio per una classe.
2,Cambia l'ambiente della prossima riunione.
2,Il meeting successivo dovrebbe avere un ambiente diverso.
2,Puoi modificare l'ambientazione della conferenza.
2,"Muxi, crea un ambiente in stile ufficio."
2,Cambia l'ambiente per una sala collaborativa.
2,"Muxi, puoi cambiare l'ambiente per un colloquio?"
2,Cambia l'ambiente per una conferenza.
2,Puoi impostare un ambiente per una conferenza?
2,Cambia l'ambiente con una sala per i colloqui.
2,Puoi modificarmi l'ambiente in una classe?
2,Puoi cambiare l'ambiente con quello di una classe?
2,"Modificami l'ambiente in ""giardino""."
2,Metti un nuovo ambiente per i colloqui.
2,Puoi sostituire questo ambiente con uno per una conferenza?
2,"Muxi, puoi cambiare l'ambiente per una conferenza?"
2,Modifica il paesaggio per una classe.
2,Cambia il contesto della prossima riunione.
2,La riunione successiva dovrebbe avere un contesto diverso.
2,Puoi modificare il contesto della conferenza.
2,"Muxi, crea un contesto in stile sala riunioni."
2,Cambia il contesto per una sala collaborativa.
2,"Muxi, puoi cambiare il contesto per un colloquio?"
2,Cambia il contesto per una conferenza.
2,Puoi impostare un contesto per una conferenza?
2,Cambia il contesto con una sala per i colloqui.
2,Puoi modificarmi il contesto in una classe?
2,Puoi cambiare il contesto con quello di una classe?
2,"Modificami il contesto in ""spiaggia""."
2,Metti un nuovo contesto per i colloqui.
2,Puoi sostituire questo contesto con uno per una conferenza?
2,"Muxi, puoi cambiare il contesto per una conferenza?"
2,Modifica il paesaggio per una classe.
2,Cambia l'atmosfera della prossima riunione.
2,La riunione successiva dovrebbe avere un'atmosfera diversa.
2,Puoi modificare l'atmosfera della conferenza?
2,"Muxi, crea un'atmosfera in stile sala riunioni."
2,Cambia l'atmosfera per una sala collaborativa.
2,"Muxi, puoi cambiare l'atmosfera per un colloquio?"
2,Cambia l'atmosfera per una conferenza.
2,Puoi impostare un'atmosfera per una conferenza?
2,Cambia l'atmosfera con una sala per i colloqui.
2,Puoi modificarmi l'atmosfera in una classe?
2,Puoi cambiare l'atmosfera con quella di una classe?
2,"Modificami l'atmosfera in ""notturna""."
2,Metti una nuova atmosfera per i colloqui.
2,Puoi sostituire questa atmosfera con una per una conferenza?
2,"Muxi, puoi cambiare l'atmosfera per una conferenza?"
2,Modifica il paesaggio per una classe.
2,Cambia l'ambientazione della prossima riunione.
2,La riunione successiva dovrebbe avere un'ambientazione diversa.
2,Puoi modificare lo scenario per la prossima presentazione?
2,Cambia l'ambiente della riunione in uno più informale.
2,"Muxi, crea uno scenario di ufficio virtuale per la videoconferenza."
2,Cambia lo scenario per una sala creativa e ispiratrice.
2,"Muxi, puoi impostare lo scenario per un'intervista di lavoro?"
2,Cambia lo scenario per un evento di networking.
2,Puoi modificare lo scenario in uno adatto a una lezione interattiva?
2,Cambia l'ambiente con una sala per il brainstorming.
2,Puoi cambiare lo scenario per un workshop di team building?
2,Modificami lo scenario in un'area lounge per incontri informali.
2,Metti un nuovo scenario per una sessione di coaching.
2,Puoi sostituire questo scenario con uno per una presentazione aziendale?
2,"Muxi, puoi cambiare lo scenario per una conferenza stampa?"
2,Modifica l'ambiente per una riunione virtuale.
2,Cambia il contesto della prossima sessione di formazione.
2,Puoi modificare il contesto per un focus group?
2,Cambia l'atmosfera per una sessione di team building.
2,"Muxi, puoi impostare l'atmosfera per un evento aziendale?"
2,Cambia questo scenario con uno diverso.
2,Metti un altro scenario al posto di questo.
2,Cambia il paesaggio di questa immagine.
2,Puoi modificare il paesaggio qui?
2,Puoi sostituire questo scenario con uno adatto a una conferenza?
2,"Muxi, puoi cambiare lo scenario per renderlo più adatto a una conferenza?"
2,Modifica il paesaggio in modo che sembri una classe.
2,Cambia l'ambiente per la prossima riunione.
2,Il prossimo meeting dovrebbe avere un ambiente diverso.
2,Puoi modificare l'ambientazione della conferenza?
2,"Muxi, crea un ambiente simile a un ufficio."
2,Cambia l'ambiente per renderlo adatto a una sala di collaborazione.
2,"Muxi, puoi cambiare l'ambiente per renderlo più adatto a un colloquio?"
2,Cambia l'ambiente in modo che sia più adatto a una conferenza.
2,Puoi impostare un ambiente appropriato per una conferenza?
2,Cambia l'ambiente in modo che sia più adatto a una sala per colloqui.
2,Puoi modificare l'ambiente in modo che sembri una classe?
2,Puoi cambiare l'ambiente in quello di una classe?
2,"Modificami l'ambiente in ""giardino""."
2,Cambia il contesto per renderlo più adatto a una sala di collaborazione.
2,"Muxi, puoi cambiare il contesto per renderlo più adatto a un colloquio?"
2,Cambia il contesto in modo che sia più adatto a una conferenza.
2,Puoi impostare un contesto adatto a una conferenza?
2,Cambia il contesto in modo che sia più adatto a una sala per colloqui.
2,Puoi modificare il contesto in modo che sembri una classe?
2,Puoi cambiare il contesto in quello di una classe?
2,"Modificami il contesto in ""spiaggia""."
2,Metti un nuovo contesto per i colloqui.
2,Puoi sostituire questo contesto con uno adatto a una conferenza?
2,Cambia questo scenario con un altro.
2,Metti un diverso scenario.
2,Cambia il paesaggio di questa immagine.
2,Puoi modificare il paesaggio qui?
2,Puoi sostituire questo scenario con uno per una conferenza?
2,"Muxi, puoi cambiare lo scenario per una conferenza?"
2,Modifica il paesaggio per una classe.
2,Cambia l'ambiente della prossima riunione.
2,Il meeting successivo dovrebbe avere un ambiente diverso.
2,Puoi modificare l'ambientazione della conferenza.
2,"Muxi, crea un ambiente in stile ufficio."
2,Cambia l'ambiente per una sala collaborativa.
2,"Muxi, puoi cambiare l'ambiente per un colloquio?"
2,Cambia l'ambiente per una conferenza.
2,Puoi impostare un ambiente per una conferenza?
2,Cambia l'ambiente con una sala per i colloqui.
2,Puoi modificarmi l'ambiente in una classe?
2,Puoi cambiare l'ambiente con quello di una classe?
2,"Modificami l'ambiente in ""giardino""."
2,Cambia il contesto per una sala collaborativa.
2,"Muxi, puoi cambiare il contesto per un colloquio?"
2,Cambia il contesto per una conferenza.
2,Puoi impostare un contesto per una conferenza?
2,Cambia il contesto con una sala per i colloqui.
2,Puoi modificarmi il contesto in una classe?
2,Puoi cambiare il contesto con quello di una classe?
2,"Modificami il contesto in ""spiaggia""."
2,Metti un nuovo contesto per i colloqui.
2,Puoi sostituire questo contesto con uno per una conferenza?
2,Cambia questo scenario con uno diverso.
2,Metti un altro scenario al posto di questo.
2,Cambia il paesaggio di questa immagine.
2,Puoi modificare il paesaggio qui?
2,Puoi sostituire questo scenario con uno adatto a una conferenza?
2,"Muxi, puoi cambiare lo scenario per renderlo più adatto a una conferenza?"
2,Modifica il paesaggio in modo che sembri una classe.
2,Cambia l'ambiente per la prossima riunione.
2,Il prossimo meeting dovrebbe avere un ambiente diverso.
2,Puoi modificare l'ambientazione della conferenza?
2,"Muxi, crea un ambiente simile a un ufficio."
2,Cambia l'ambiente per renderlo adatto a una sala di collaborazione.
2,"Muxi, puoi cambiare l'ambiente per renderlo più adatto a un colloquio?"
2,Cambia l'ambiente in modo che sia più adatto a una conferenza.
2,Puoi impostare un ambiente appropriato per una conferenza?
2,Cambia l'ambiente in modo che sia più adatto a una sala per colloqui.
2,Puoi modificare l'ambiente in modo che sembri una classe?
2,Puoi cambiare l'ambiente in quello di una classe?
2,"Modificami l'ambiente in ""giardino""."
2,Cambia il contesto per renderlo più adatto a una sala di collaborazione.
2,"Muxi, puoi cambiare il contesto per renderlo più adatto a un colloquio?"
2,Cambia il contesto in modo che sia più adatto a una conferenza.
2,Puoi impostare un contesto adatto a una conferenza?
2,Cambia il contesto in modo che sia più adatto a una sala per colloqui.
2,Puoi modificare il contesto in modo che sembri una classe?
2,Puoi cambiare il contesto in quello di una classe?
2,"Modificami il contesto in ""spiaggia""."
2,Metti un nuovo contesto per i colloqui.
2,Puoi sostituire questo contesto con uno adatto a una conferenza?
2,Cambia questo scenario con un altro.
2,Metti un diverso scenario.
2,Cambia il paesaggio di questa immagine.
2,Puoi modificare il paesaggio qui?
2,Puoi sostituire questo scenario con uno per una conferenza?
2,"Muxi, puoi cambiare lo scenario per una conferenza?"
2,Modifica il paesaggio per una classe.
2,Cambia l'ambiente della prossima riunione.
2,Il meeting successivo dovrebbe avere un ambiente diverso.
2,Puoi modificare l'ambientazione della conferenza?
2,"Muxi, crea un ambiente in stile ufficio."
2,Cambia l'ambiente per una sala collaborativa.
2,"Muxi, puoi cambiare l'ambiente per un colloquio?"
2,Cambia l'ambiente per una conferenza.
2,Puoi impostare un ambiente per una conferenza?
2,Cambia l'ambiente con una sala per i colloqui.
2,Puoi modificarmi l'ambiente in una classe?
2,Puoi cambiare l'ambiente con quello di una classe?
2,"Modificami l'ambiente in ""giardino""."
2,Cambia il contesto per una sala collaborativa.
2,"Muxi, puoi cambiare il contesto per un colloquio?"
2,Cambia il contesto per una conferenza.
2,Puoi impostare un contesto per una conferenza?
2,Cambia il contesto con una sala per i colloqui.
2,Puoi modificarmi il contesto in una classe?
2,Puoi cambiare il contesto con quello di una classe?
2,"Modificami il contesto in ""spiaggia""."
2,Metti un nuovo contesto per i colloqui.
2,Puoi sostituire questo contesto con uno per una conferenza?
2,Cambia questo scenario con uno diverso.
2,Metti un altro scenario al posto di questo.
2,Cambia il paesaggio di questa immagine.
2,Puoi modificare il paesaggio qui?
2,Puoi sostituire questo scenario con uno adatto a una conferenza?
2,"Muxi, puoi cambiare lo scenario per renderlo più adatto a una conferenza?"
2,Modifica il paesaggio in modo che sembri una classe.
2,Cambia l'ambiente per la prossima riunione.
2,Il prossimo meeting dovrebbe avere un ambiente diverso.
2,Puoi modificare l'ambientazione della conferenza?
2,"Muxi, crea un ambiente simile a un ufficio."
2,Cambia l'ambiente per renderlo adatto a una sala di collaborazione.
2,"Muxi, puoi cambiare l'ambiente per renderlo più adatto a un colloquio?"
2,Cambia l'ambiente in modo che sia più adatto a una conferenza.
2,Puoi impostare un ambiente appropriato per una conferenza?
2,Cambia l'ambiente in modo che sia più adatto a una sala per colloqui.
2,Puoi modificare l'ambiente in modo che sembri una classe?
2,Puoi cambiare l'ambiente in quello di una classe?
2,"Modificami l'ambiente in ""giardino""."
2,Cambia il contesto per renderlo più adatto a una sala di collaborazione.
2,"Muxi, puoi cambiare il contesto per renderlo più adatto a un colloquio?"
2,Cambia il contesto in modo che sia più adatto a una conferenza.
2,Puoi impostare un contesto adatto a una conferenza?
2,Cambia il contesto in modo che sia più adatto a una sala per colloqui.
2,Puoi modificare il contesto in modo che sembri una classe?
2,Puoi cambiare il contesto in quello di una classe?
2,"Modificami il contesto in ""spiaggia""."
2,Metti un nuovo contesto per i colloqui.
2,Puoi sostituire questo contesto con uno adatto a una conferenza?
2,Cambia questo scenario con un altro.
2,Metti un diverso scenario.
2,Cambia il paesaggio di questa immagine.
2,Puoi modificare il paesaggio qui?
2,Puoi sostituire questo scenario con uno per una conferenza?
2,"Muxi, puoi cambiare lo scenario per una conferenza?"
2,Modifica il paesaggio per una classe.
2,Cambia l'ambiente della prossima riunione.
2,Il meeting successivo dovrebbe avere un ambiente diverso.
2,Puoi modificare l'ambientazione della conferenza?
2,"Muxi, crea un ambiente in stile ufficio."
2,Cambia l'ambiente per una sala collaborativa.
2,"Muxi, puoi cambiare l'ambiente per un colloquio?"
2,Cambia l'ambiente per una conferenza.
2,Puoi impostare un ambiente per una conferenza?
2,Cambia l'ambiente con una sala per i colloqui.
2,Puoi modificarmi l'ambiente in una classe?
2,Puoi cambiare l'ambiente con quello di una classe?
2,"Modificami l'ambiente in ""giardino""."
2,Cambia il contesto per una sala collaborativa.
2,"Muxi, puoi cambiare il contesto per un colloquio?"
2,Cambia il contesto per una conferenza.
2,Puoi impostare un contesto per una conferenza?
2,Cambia il contesto con una sala per i colloqui.
2,Puoi modificarm170. Puoi modificarmi il contesto in una classe?
2,Puoi cambiare il contesto con quello di una classe?
2,"Modificami il contesto in ""spiaggia""."
2,Metti un nuovo contesto per i colloqui.
2,Puoi sostituire questo contesto con uno adatto a una conferenza?
2,Cambia questo scenario con uno diverso.
2,Metti un altro scenario al posto di questo.
2,Cambia il paesaggio di questa immagine.
2,Puoi modificare il paesaggio qui?
2,Puoi sostituire questo scenario con uno adatto a una conferenza?
2,"Muxi, puoi cambiare lo scenario per renderlo più adatto a una conferenza?"
2,Modifica il paesaggio in modo che sembri una classe.
2,Cambia l'ambiente per la prossima riunione.
2,Il prossimo meeting dovrebbe avere un ambiente diverso.
2,Puoi modificare l'ambientazione della conferenza?
2,"Muxi, crea un ambiente in stile ufficio."
2,Cambia l'ambiente per renderlo adatto a una sala di collaborazione.
2,"Muxi, puoi cambiare l'ambiente per renderlo più adatto a un colloquio?"
2,Cambia l'ambiente in modo che sia più adatto a una conferenza.
2,Puoi impostare un ambiente appropriato per una conferenza?
2,Cambia l'ambiente in modo che sia più adatto a una sala per colloqui.
2,Puoi modificare l'ambiente in modo che sembri una classe?
2,Puoi cambiare l'ambiente in quello di una classe?
2,"Modificami l'ambiente in ""giardino""."
2,Cambia il contesto per renderlo più adatto a una sala di collaborazione.
2,"Muxi, puoi cambiare il contesto per renderlo più adatto a un colloquio?"
2,Cambia il contesto in modo che sia più adatto a una conferenza.
2,Puoi impostare un contesto adatto a una conferenza?
2,Cambia il contesto in modo che sia più adatto a una sala per colloqui.
2,Puoi modificare il contesto in modo che sembri una classe?
