Sentence #,Word,Tag
Frase1,Muxi,O
Frase1,crea,O
Frase1,una,O
Frase1,riunione,O
Frase1,per,O
Frase1,il,O
Frase1,Strategie,B_NOME-MEETING
Frase1,per,I_NOME-MEETING
Frase1,Efficienza,I_NOME-MEETING
Frase1,per,O
Frase1,analisi,B_DESCR
Frase1,delle,I_DESCR
Frase1,performance,I_DESCR
Frase1,commerciali,I_DESCR
Frase1,il,O
Frase1,tre,B_GIORNO
Frase1,gennaio,B_MESE
Frase1,dalle,O
Frase1,una,B_ORA-INIZ
Frase1,Programma,O
Frase1,un,O
Frase1,incontro,O
Frase1,per,O
Frase1,il,O
Frase1,dipartimento,B_NOME-MEETING
Frase1,legale,I_NOME-MEETING
Frase1,per,O
Frase1,la,B_DESCR
Frase1,revisione,I_DESCR
Frase1,delle,I_DESCR
Frase1,politiche,I_DESCR
Frase1,di,I_DESCR
Frase1,conformita,I_DESCR
Frase1,l,O
Frase1,undici,B_GIORNO
Frase1,novembre,B_MESE
Frase1,dalle,O
Frase1,due,B_ORA-INIZ
Frase1,Puoi,O
Frase1,fissare,O
Frase1,una,O
Frase1,lezione,O
Frase1,con,O
Frase1,la,O
Frase1,classe,B_NOME-MEETING
Frase1,quinta,I_NOME-MEETING
Frase1,B,I_NOME-MEETING
Frase1,per,O
Frase1,la,O
Frase1,lezione,B_DESCR
Frase1,di,I_DESCR
Frase1,ingelse,I_DESCR
Frase1,nel,I_DESCR
Frase1,metaverso,I_DESCR
Frase1,il,O
Frase1,diciotto,B_GIORNO
Frase1,settembre,B_MESE
Frase1,dalle,O
Frase1,tre,B_ORA-INIZ
Frase1,e,I_ORA-INIZ
Frase1,quaranta,I_ORA-INIZ
Frase1,schedula,O
Frase1,Il,O
Frase1,meeting,O
Frase1,lezione,B_NOME-MEETING
Frase1,per,O
Frase1,il,O
Frase1,quindici,B_GIORNO
Frase1,febbraio,B_MESE
Frase1,alle,O
Frase1,quattro,B_ORA-INIZ
Frase1,e,I_ORA-INIZ
Frase1,un,I_ORA-INIZ
Frase1,quarto,I_ORA-INIZ
Frase1,Crea,O
Frase1,un,O
Frase1,meeting,O
Frase1,chiamato,O
Frase1,Tattiche,B_NOME-MEETING
Frase1,per,I_NOME-MEETING
Frase1,il,I_NOME-MEETING
Frase1,team,I_NOME-MEETING
Frase1,di,I_NOME-MEETING
Frase1,matematica,I_NOME-MEETING
Frase1,domani,B_GIORNO
Frase1,alle,O
Frase1,cinque,B_ORA-INIZ
Frase1,e,I_ORA-INIZ
Frase1,quarantacinque,I_ORA-INIZ
Frase1,Crea,O
Frase1,un,O
Frase1,meeting,O
Frase1,con,O
Frase1,il,O
Frase1,nome,O
Frase1,Incontro,B_NOME-MEETING
Frase1,con,I_NOME-MEETING
Frase1,i,I_NOME-MEETING
Frase1,soci,I_NOME-MEETING
Frase1,per,O
Frase1,domani,B_GIORNO
Frase1,alle,O
Frase1,sei,B_ORA-INIZ
Frase1,e,I_ORA-INIZ
Frase1,venticinque,I_ORA-INIZ
Frase1,Crea,O
Frase1,meeting,O
Frase1,Riunione,B_NOME-MEETING
Frase1,per,O
Frase1,dopodomani,B_GIORNO
Frase1,Puoi,O
Frase1,fissare,O
Frase1,un,O
Frase1,incontro,O
Frase1,per,O
Frase1,un,O
Frase1,meeting,B_NOME-MEETING
Frase1,con,I_NOME-MEETING
Frase1,i,I_NOME-MEETING
Frase1,dipendenti,I_NOME-MEETING
Frase1,il,O
Frase1,ventotto,B_GIORNO
Frase1,luglio,B_MESE
Frase1,da,O
Frase1,mezzogiorno,B_ORA-INIZ
Frase1,?,O
Frase1,puoi,O
Frase1,programmarmi,O
Frase1,un,O
Frase1,meeting,O
Frase1,per,O
Frase1,ripetere,B_NOME-MEETING
Frase1,l'esame,I_NOME-MEETING
Frase1,con,O
Frase1,i,O
Frase1,miei,O
Frase1,amici,O
Frase1,per,O
Frase1,domani,B_GIORNO
Frase1,alle,O
Frase1,otto,B_ORA-INIZ
Frase1,?,O
Frase1,Programma,O
Frase1,un,O
Frase1,nuovo,O
Frase1,meeting,O
Frase1,con,O
Frase1,nome,O
Frase1,Tecniche,B_NOME-MEETING
Frase1,di,I_NOME-MEETING
Frase1,collaborazione,I_NOME-MEETING
Frase1,efficace,I_NOME-MEETING
Frase1,per,O
Frase1,discutere,O
Frase1,delle,O
Frase1,modifiche,B_DESCR
Frase1,da,I_DESCR
Frase1,apportare,I_DESCR
Frase1,al,I_DESCR
Frase1,progetto,I_DESCR
Frase1,il,O
Frase1,giorno,O
Frase1,otto,B_GIORNO
Frase1,giugno,B_MESE
Frase1,dalle,O
Frase1,nove,B_ORA-INIZ
Frase1,.,O
Frase1,Fissa,O
Frase1,meeting,O
Frase1,per,O
Frase1,nominare,B_NOME-MEETING
Frase1,amministrazione,I_NOME-MEETING
Frase1,per,O
Frase1,il,O
Frase1,quattordici,B_GIORNO
Frase1,maggio,B_MESE
Frase1,dalle,O
Frase1,dieci,B_ORA-INIZ
Frase1,.,O
Frase1,Programma,O
Frase1,il,O
Frase1,meeting,O
Frase1,con,O
Frase1,nome,O
Frase1,undefined,B_NOME-MEETING
Frase1,per,I_NOME-MEETING
Frase1,innovazione,I_NOME-MEETING
Frase1,per,O
Frase1,giovedi,O
Frase1,dieci,B_GIORNO
Frase1,aprile,B_MESE
Frase1,dalle,O
Frase1,undici,B_ORA-INIZ
Frase1,.,O
Frase1,Muxi,O
Frase1,fissa,O
Frase1,incontro,B_NOME-MEETING
Frase1,con,I_NOME-MEETING
Frase1,cliente,I_NOME-MEETING
Frase1,domani,B_GIORNO
Frase1,mercoledi,B_GIORNO
Frase1,alle,O
Frase1,dodici,B_ORA-INIZ
Frase1,Inserisci,O
Frase1,una,O
Frase1,nuova,O
Frase1,riunione,O
Frase1,per,O
Frase1,nome,O
Frase1,ore,B_NOME-MEETING
Frase1,potenziamento,I_NOME-MEETING
Frase1,della,I_NOME-MEETING
Frase1,produttivita,I_NOME-MEETING
Frase1,il,O
Frase1,giorno,O
Frase1,diciannove,B_GIORNO
Frase1,giugno,B_MESE
Frase1,dalle,O
Frase1,ore,O
Frase1,tredici,B_ORA-INIZ
Frase1,Muxi,O
Frase1,puoi,O
Frase1,fissare,O
Frase1,un,O
Frase1,nuovo,O
Frase1,incontro,O
Frase1,chiamato,O
Frase1,approfondimenti,B_NOME-MEETING
Frase1,sulla,I_NOME-MEETING
Frase1,traformazione,I_NOME-MEETING
Frase1,digitale,I_NOME-MEETING
Frase1,due,I_NOME-MEETING
Frase1,per,O
Frase1,discutere,B_DESCR
Frase1,della,I_DESCR
Frase1,strategia,I_DESCR
Frase1,di,I_DESCR
Frase1,reclutamento,I_DESCR
Frase1,per,O
Frase1,il,O
Frase1,primo,B_GIORNO
Frase1,giugno,B_MESE
Frase1,dalle,O
Frase1,quattordici,B_ORA-INIZ
Frase1,Crea,O
Frase1,un,O
Frase1,nuovo,O
Frase1,incontro,O
Frase1,denominato,O
Frase1,con,O
Frase1,risoluzione,B_NOME-MEETING
Frase1,problemi,I_NOME-MEETING
Frase1,il,O
Frase1,giorno,O
Frase1,venti,B_GIORNO
Frase1,aprile,B_MESE
Frase1,dalle,O
Frase1,ore,O
Frase1,quindici,B_ORA-INIZ
Frase1,Muxi,O
Frase1,fissa,O
Frase1,un,O
Frase1,nuovo,O
Frase1,incontro,O
Frase1,per,O
Frase1,parlare,O
Frase1,del,O
Frase1,team,B_DESCR
Frase1,di,I_DESCR
Frase1,sviluppo,I_DESCR
Frase1,per,O
Frase1,martedi,O
Frase1,sette,B_GIORNO
Frase1,settmbre,B_MESE
Frase1,dalle,O
Frase1,sedici,B_ORA-INIZ
Frase1,e,I_ORA-INIZ
Frase1,trentadue,I_ORA-INIZ
Frase1,Muxi,O
Frase1,fissa,O
Frase1,un,O
Frase1,meeting,O
Frase1,nominato,O
Frase1,come,O
Frase1,successo,B_NOME-MEETING
Frase1,nella,I_NOME-MEETING
Frase1,pianificazione,I_NOME-MEETING
Frase1,strategica,I_NOME-MEETING
Frase1,il,O
Frase1,dodici,B_GIORNO
Frase1,giugno,B_MESE
Frase1,dalle,O
Frase1,diciassette,B_ORA-INIZ
Frase1,Puoi,O
Frase1,fissare,O
Frase1,un,O
Frase1,incontro,O
Frase1,con,B_NOME-MEETING
Frase1,Morgan,I_NOME-MEETING
Frase1,Freeman,I_NOME-MEETING
Frase1,per,O
Frase1,discutere,O
Frase1,della,O
Frase1,filmografia,B_DESCR
Frase1,di,I_DESCR
Frase1,film,I_DESCR
Frase1,per,O
Frase1,il,O
Frase1,trenta,B_GIORNO
Frase1,gennaio,B_MESE
Frase1,dalle,O
Frase1,diciotto,B_ORA-INIZ
Frase1,Crea,O
Frase1,un,O
Frase1,nuovo,O
Frase1,incontro,O
Frase1,per,O
Frase1,il,O
Frase1,parlare,B_NOME-MEETING
Frase1,di,I_NOME-MEETING
Frase1,videogiochi,I_NOME-MEETING
Frase1,online,I_NOME-MEETING
Frase1,per,O
Frase1,con,O
Frase1,descrizione,O
Frase1,riunione,B_DESCR
Frase1,numero,I_DESCR
Frase1,tre,I_DESCR
Frase1,per,O
Frase1,il,O
Frase1,cinque,B_GIORNO
Frase1,maggio,B_MESE
Frase1,dalle,O
Frase1,diciannove,B_ORA-INIZ
Frase1,Programma,O
Frase1,un,O
Frase1,meeting,O
Frase1,per,O
Frase1,il,O
Frase1,due,B_GIORNO
Frase1,settembre,B_MESE
Frase1,dalle,O
Frase1,venti,B_ORA-INIZ
Frase1,Puoi,O
Frase1,impostare,O
Frase1,un,O
Frase1,incontro,O
Frase1,strategie,B_NOME-MEETING
Frase1,per,I_NOME-MEETING
Frase1,il,I_NOME-MEETING
Frase1,worklife,I_NOME-MEETING
Frase1,balance,I_NOME-MEETING
Frase1,il,O
Frase1,quattro,B_GIORNO
Frase1,settembre,B_MESE
Frase1,dalle,O
Frase1,ventuno,B_ORA-INIZ
Frase1,e,I_ORA-INIZ
Frase1,dieci,I_ORA-INIZ
Frase1,Puoi,O
Frase1,programmare,O
Frase1,un,O
Frase1,meeting,O
Frase1,per,O
Frase1,domani,B_GIORNO
Frase1,dalle,O
Frase1,ventidue,B_ORA-INIZ
Frase1,per,O
Frase1,ripetere,B_NOME-MEETING
Frase1,l'esame,I_NOME-MEETING
Frase1,con,I_NOME-MEETING
Frase1,i,I_NOME-MEETING
Frase1,miei,I_NOME-MEETING
Frase1,amici,I_NOME-MEETING
Frase1,Fissa,O
Frase1,incontro,O
Frase1,con,O
Frase1,il,O
Frase1,team,B_NOME-MEETING
Frase1,di,I_NOME-MEETING
Frase1,Pluto,I_NOME-MEETING
Frase1,Animali,I_NOME-MEETING
Frase1,Felici,I_NOME-MEETING
Frase1,per,O
Frase1,il,O
Frase1,carico,B_DESCR
Frase1,settimanale,I_DESCR
Frase1,il,O
Frase1,quattro,B_GIORNO
Frase1,luglio,B_MESE
Frase1,alle,O
Frase1,ventitre,B_ORA-INIZ
Frase1,Puoi,O
Frase1,programmare,O
Frase1,un,O
Frase1,briefing,O
Frase1,con,O
Frase1,gli,B_NOME-MEETING
Frase1,addetti,I_NOME-MEETING
Frase1,alla,I_NOME-MEETING
Frase1,vendita,I_NOME-MEETING
Frase1,il,O
Frase1,sei,B_GIORNO
Frase1,agosto,B_MESE
Frase1,dalle,O
Frase1,ventiquattro,B_ORA-INIZ
Frase1,Puoi,O
Frase1,creare,O
Frase1,un,O
Frase1,nuovo,O
Frase1,meeting,O
Frase1,per,O
Frase1,la,O
Frase1,squadra,B_NOME-MEETING
Frase1,di,I_NOME-MEETING
Frase1,Project,I_NOME-MEETING
Frase1,Manager,I_NOME-MEETING
Frase1,per,O
Frase1,discutere,B_DESCR
Frase1,delle,I_DESCR
Frase1,nuove,I_DESCR
Frase1,iniziative,I_DESCR
Frase1,il,O
Frase1,giorno,O
Frase1,nove,B_GIORNO
Frase1,novembre,B_MESE
Frase1,dalle,O
Frase1,uno,B_ORA-INIZ
Frase1,e,I_ORA-INIZ
Frase1,quattordici,I_ORA-INIZ
Frase1,Programma,O
Frase1,un,O
Frase1,incontro,O
Frase1,con,O
Frase1,nome,O
Frase1,affrontare,B_NOME-MEETING
Frase1,il,I_NOME-MEETING
Frase1,cambiamento,I_NOME-MEETING
Frase1,insieme,I_NOME-MEETING
Frase1,per,O
Frase1,l'analisi,B_DESCR
Frase1,dei,I_DESCR
Frase1,feedback,I_DESCR
Frase1,dei,I_DESCR
Frase1,clienti,I_DESCR
Frase1,il,O
Frase1,tredici,B_GIORNO
Frase1,gennaio,B_MESE
Frase1,dalle,O
Frase1,mezzanotte,B_ORA-INIZ
Frase1,Crea,O
Frase1,un,O
Frase1,nuovo,O
Frase1,meeting,O
Frase1,per,O
Frase1,la,O
Frase1,discussione,B_NOME-MEETING
Frase1,di,I_NOME-MEETING
Frase1,design,I_NOME-MEETING
Frase1,per,O
Frase1,discutere,B_DESCR
Frase1,delle,I_DESCR
Frase1,nuove,I_DESCR
Frase1,proposte,I_DESCR
Frase1,il,O
Frase1,quindici,B_GIORNO
Frase1,febbraio,B_MESE
Frase1,dalle,O
Frase1,due,B_ORA-INIZ
Frase1,Muxi,O
Frase1,fissa,O
Frase1,un,O
Frase1,nuovo,O
Frase1,meeting,O
Frase1,per,O
Frase1,il,O
Frase1,team,B_NOME-MEETING
Frase1,di,I_NOME-MEETING
Frase1,vendita,I_NOME-MEETING
Frase1,per,O
Frase1,l,B_DESCR
Frase1,',I_DESCR
Frase1,analisi,I_DESCR
Frase1,delle,I_DESCR
Frase1,performance,I_DESCR
Frase1,del,I_DESCR
Frase1,trimestre,I_DESCR
Frase1,il,O
Frase1,quattordici,B_GIORNO
Frase1,marzo,B_MESE
Frase1,dalle,O
Frase1,tre,B_ORA-INIZ
Frase1,e,I_ORA-INIZ
Frase1,mezza,I_ORA-INIZ
Frase1,Puoi,O
Frase1,fissare,O
Frase1,il,O
Frase1,meeting,O
Frase1,con,O
Frase1,il,O
Frase1,team,B_NOME-MEETING
Frase1,di,I_NOME-MEETING
Frase1,marketing,I_NOME-MEETING
Frase1,per,O
Frase1,la,O
Frase1,revisione,B_DESCR
Frase1,delle,I_DESCR
Frase1,campagne,I_DESCR
Frase1,promozionali,I_DESCR
Frase1,il,O
Frase1,venticinque,B_GIORNO
Frase1,aprile,B_MESE
Frase1,dalle,O
Frase1,cinque,B_ORA-INIZ
Frase1,Muxi,O
Frase1,fissa,O
Frase1,un,O
Frase1,nuovo,O
Frase1,incontro,O
Frase1,con,O
Frase1,titolo,O
Frase1,chiamata,O
Frase1,conoscitiva,B_NOME-MEETING
Frase1,per,I_NOME-MEETING
Frase1,i,I_NOME-MEETING
Frase1,tesisti,I_NOME-MEETING
Frase1,con,O
Frase1,descrizione,O
Frase1,piacere,B_DESCR
Frase1,di,I_DESCR
Frase1,conoscerci,I_DESCR
Frase1,per,O
Frase1,domenica,O
Frase1,sedici,B_GIORNO
Frase1,giugno,B_MESE
Frase1,dalle,O
Frase1,nove,B_ORA-INIZ
Frase1,meno,I_ORA-INIZ
Frase1,venti,I_ORA-INIZ
Frase1,Muxi,O
Frase1,fissa,O
Frase1,un,O
Frase1,briefing,O
Frase1,con,O
Frase1,titolo,O
Frase1,dinamiche,B_NOME-MEETING
Frase1,di,I_NOME-MEETING
Frase1,squadra,I_NOME-MEETING
Frase1,il,O
Frase1,diciasette,B_GIORNO
Frase1,maggio,B_MESE
Frase1,dalle,O
Frase1,ventuno,B_ORA-INIZ
Frase1,Puoi,O
Frase1,fissare,O
Frase1,un,O
Frase1,nuovo,O
Frase1,meeting,O
Frase1,con,O
Frase1,il,B_NOME-MEETING
Frase1,CTO,I_NOME-MEETING
Frase1,di,I_NOME-MEETING
Frase1,MetaCUX,I_NOME-MEETING
Frase1,per,O
Frase1,discutere,B_DESCR
Frase1,della,I_DESCR
Frase1,strategia,I_DESCR
Frase1,di,I_DESCR
Frase1,reclutamento,I_DESCR
Frase1,per,O
Frase1,il,O
Frase1,diciassette,B_GIORNO
Frase1,luglio,B_MESE
Frase1,dalle,O
Frase1,diciassette,B_ORA-INIZ
Frase1,Crea,O
Frase1,un,O
Frase1,incontro,O
Frase1,con,O
Frase1,il,O
Frase1,nome,O
Frase1,Sviluppare,B_NOME-MEETING
Frase1,le,I_NOME-MEETING
Frase1,competenze,I_NOME-MEETING
Frase1,potenziali,I_NOME-MEETING
Frase1,per,O
Frase1,la,B_DESCR
Frase1,riunione,I_DESCR
Frase1,numero,I_DESCR
Frase1,tre,I_DESCR
Frase1,per,O
Frase1,il,O
Frase1,ventuno,B_GIORNO
Frase1,settembre,B_MESE
Frase1,dalle,O
Frase1,sette,B_ORA-INIZ
Frase1,e,I_ORA-INIZ
Frase1,otto,I_ORA-INIZ
Frase1,Programma,O
Frase1,un,O
Frase1,meeting,O
Frase1,per,O
Frase1,il,O
Frase1,ventidue,B_GIORNO
Frase1,ottobre,B_MESE
Frase1,dalle,O
Frase1,nove,B_ORA-INIZ
Frase1,Puoi,O
Frase1,impostare,O
Frase1,un,O
Frase1,incontro,O
Frase1,per,B_DESCR
Frase1,il,I_DESCR
Frase1,team,I_DESCR
Frase1,di,I_DESCR
Frase1,sviluppo,I_DESCR
Frase1,il,O
Frase1,ventitre,B_GIORNO
Frase1,novembre,B_MESE
Frase1,dalle,O
Frase1,sei,B_ORA-INIZ
Frase1,Puoi,O
Frase1,programmare,O
Frase1,un,O
Frase1,meeting,O
Frase1,per,O
Frase1,domani,B_GIORNO
Frase1,dalle,O
Frase1,undici,B_ORA-INIZ
Frase1,per,O
Frase1,ripetere,B_DESCR
Frase1,l'esame,I_DESCR
Frase1,con,I_DESCR
Frase1,i,I_DESCR
Frase1,miei,I_DESCR
Frase1,amici,I_DESCR
Frase1,Fissa,O
Frase1,incontro,O
Frase1,con,O
Frase1,il,B_NOME-MEETING
Frase1,gruppo,I_NOME-MEETING
Frase1,di,I_NOME-MEETING
Frase1,Pluto,I_NOME-MEETING
Frase1,Animali,I_NOME-MEETING
Frase1,Felici,I_NOME-MEETING
Frase1,per,O
Frase1,il,O
Frase1,carico,B_DESCR
Frase1,settimanale,I_DESCR
Frase1,il,O
Frase1,trentuno,B_GIORNO
Frase1,dicembre,B_MESE
Frase1,alle,O
Frase1,cinque,B_ORA-INIZ
Frase1,meno,I_ORA-INIZ
Frase1,sei,I_ORA-INIZ
Frase1,Puoi,O
Frase1,programmare,O
Frase1,l'un,O
Frase1,meeting,B_NOME-MEETING
Frase1,con,I_NOME-MEETING
Frase1,team,I_NOME-MEETING
Frase1,di,I_NOME-MEETING
Frase1,vendita,I_NOME-MEETING
Frase1,il,O
Frase1,ventiquattro,B_GIORNO
Frase1,gennaio,B_MESE
Frase1,dalle,O
Frase1,otto,B_ORA-INIZ
Frase1,Puoi,O
Frase1,creare,O
Frase1,un,O
Frase1,nuovo,O
Frase1,meeting,B_NOME-MEETING
Frase1,per,I_NOME-MEETING
Frase1,la,I_NOME-MEETING
Frase1,squadra,I_NOME-MEETING
Frase1,di,I_NOME-MEETING
Frase1,Project,I_NOME-MEETING
Frase1,Manager,I_NOME-MEETING
Frase1,per,O
Frase1,la,O
Frase1,discussione,B_DESCR
Frase1,degli,I_DESCR
Frase1,obiettivi,I_DESCR
Frase1,mensili,I_DESCR
Frase1,per,O
Frase1,il,O
Frase1,venticinque,B_GIORNO
Frase1,febbraio,B_MESE
Frase1,con,O
Frase1,orario,O
Frase1,dalle,O
Frase1,sei,B_ORA-INIZ
Frase1,e,I_ORA-INIZ
Frase1,trenta,I_ORA-INIZ
Frase1,Puoi,O
Frase1,fissare,O
Frase1,un,O
Frase1,incontro,B_NOME-MEETING
Frase1,per,I_NOME-MEETING
Frase1,la,I_NOME-MEETING
Frase1,presentazione,I_NOME-MEETING
Frase1,del,I_NOME-MEETING
Frase1,nuovo,I_NOME-MEETING
Frase1,prodotto,I_NOME-MEETING
Frase1,con,I_NOME-MEETING
Frase1,i,I_NOME-MEETING
Frase1,clienti,I_NOME-MEETING
Frase1,per,O
Frase1,il,O
Frase1,ventisei,B_GIORNO
Frase1,agosto,B_MESE
Frase1,dalle,O
Frase1,dieci,B_ORA-INIZ
Frase1,Muxi,B_NOME-MEETING
Frase1,crea,O
Frase1,una,O
Frase1,riunione,O
Frase1,per,O
Frase1,gli,B_NOME-MEETING
Frase1,amici,I_NOME-MEETING
Frase1,di,I_NOME-MEETING
Frase1,Aurelio,I_NOME-MEETING
Frase1,per,O
Frase1,discutere,B_DESCR
Frase1,delle,I_DESCR
Frase1,nuove,I_DESCR
Frase1,strategie,I_DESCR
Frase1,pubblicitarie,I_DESCR
Frase1,il,O
Frase1,giorno,O
Frase1,ventisette,B_GIORNO
Frase1,aprile,B_MESE
Frase1,con,O
Frase1,orario,O
Frase1,dodici,B_ORA-INIZ
Frase1,Programma,O
Frase1,un,O
Frase1,meeting,B_NOME-MEETING
Frase1,per,I_NOME-MEETING
Frase1,il,I_NOME-MEETING
Frase1,dipartimento,I_NOME-MEETING
Frase1,legale,I_NOME-MEETING
Frase1,per,O
Frase1,la,B_DESCR
Frase1,revisione,I_DESCR
Frase1,dei,I_DESCR
Frase1,contratti,I_DESCR
Frase1,il,O
Frase1,ventinove,B_GIORNO
Frase1,maggio,B_MESE
Frase1,dalle,O
Frase1,tredici,B_ORA-INIZ
Frase1,Puoi,O
Frase1,fissare,O
Frase1,un,O
Frase1,incontro,O
Frase1,per,O
Frase1,chiacchierare,B_DESCR
Frase1,delle,I_NOME-MEETING
Frase1,nuove,I_NOME-MEETING
Frase1,idee,I_NOME-MEETING
Frase1,innovative,I_NOME-MEETING
Frase1,il,O
Frase1,venti,B_GIORNO
Frase1,giugno,B_MESE
Frase1,dalle,O
Frase1,ventiquattro,B_ORA-INIZ
Frase1,Muxi,O
Frase1,fissa,O
Frase1,un,O
Frase1,meeting,O
Frase1,nominato,O
Frase1,analizzare,B_NOME-MEETING
Frase1,il,I_NOME-MEETING
Frase1,lavoro,I_NOME-MEETING
Frase1,a,I_NOME-MEETING
Frase1,distanza,I_NOME-MEETING
Frase1,per,O
Frase1,analizzare,B_DESCR
Frase1,i,I_DESCR
Frase1,feedback,I_DESCR
Frase1,dei,I_DESCR
Frase1,clienti,I_DESCR
Frase1,Puoi,O
Frase1,programmare,O
Frase1,un,O
Frase1,incontro,B_NOME-MEETING
Frase1,per,I_NOME-MEETING
Frase1,il,I_NOME-MEETING
Frase1,dipartimento,I_NOME-MEETING
Frase1,finanziario,I_NOME-MEETING
Frase1,per,O
Frase1,la,B_DESCR
Frase1,presentazione,I_DESCR
Frase1,dei,I_DESCR
Frase1,bilanci,I_DESCR
Frase1,trimestrali,I_DESCR
Frase1,il,O
Frase1,quindici,B_GIORNO
Frase1,giugno,B_MESE
Frase1,dalle,O
Frase1,sedici,B_ORA-INIZ
Frase1,Programma,O
Frase1,una,O
Frase1,riunione,B_NOME-MEETING
Frase1,di,I_NOME-MEETING
Frase1,emergenza,I_NOME-MEETING
Frase1,con,I_NOME-MEETING
Frase1,il,I_NOME-MEETING
Frase1,comitato,I_NOME-MEETING
Frase1,di,I_NOME-MEETING
Frase1,crisi,I_NOME-MEETING
Frase1,l,O
Frase1,uno,B_GIORNO
Frase1,luglio,B_MESE
Frase1,dalle,O
Frase1,mezzanotte,B_ORA-INIZ
Frase1,Fissa,O
Frase1,un,O
Frase1,incontro,O
Frase1,con,O
Frase1,il,B_NOME-MEETING
Frase1,consulente,I_NOME-MEETING
Frase1,legale,I_NOME-MEETING
Frase1,esterno,I_NOME-MEETING
Frase1,per,O
Frase1,la,B_DESCR
Frase1,revisione,I_DESCR
Frase1,dei,I_DESCR
Frase1,contratti,I_DESCR
Frase1,il,O
Frase1,ventidue,B_GIORNO
Frase1,settembre,B_MESE
Frase1,dalle,O
Frase1,diciassette,B_ORA-INIZ
Frase1,Puoi,O
Frase1,fissare,O
Frase1,un,O
Frase1,nuovo,O
Frase1,meeting,O
Frase1,con,O
Frase1,nome,O
Frase1,ispirare,B_NOME-MEETING
Frase1,la,I_NOME-MEETING
Frase1,mentalitÃ ,I_NOME-MEETING
Frase1,crescita,I_NOME-MEETING
Frase1,crea,O
Frase1,una,O
Frase1,riunione,O
Frase1,per,O
Frase1,il,B_DESCR
Frase1,senato,I_DESCR
Frase1,accademico,I_DESCR
Frase1,universitario,I_DESCR
Frase1,per,I_DESCR
Frase1,definire,I_DESCR
Frase1,le,I_DESCR
Frase1,nuove,I_DESCR
Frase1,strategie,I_DESCR
Frase1,commerciali,I_DESCR
Frase1,il,O
Frase1,ventiquattro,B_GIORNO
Frase1,agosto,B_MESE
Frase1,dalle,O
Frase1,diciannove,B_ORA-INIZ
Frase1,Programma,O
Frase1,un,O
Frase1,incontro,B_DESCR
Frase1,con,I_DESCR
Frase1,per,I_DESCR
Frase1,le,I_DESCR
Frase1,negoziazioni,I_DESCR
Frase1,contrattuali,I_DESCR
Frase1,Puoi,O
Frase1,fissare,O
Frase1,un,O
Frase1,incontro,O
Frase1,per,O
Frase1,il,B_NOME-MEETING
Frase1,dipartimento,I_NOME-MEETING
Frase1,IT,I_NOME-MEETING
Frase1,per,O
Frase1,discutere,B_DESCR
Frase1,dell'implementazione,I_DESCR
Frase1,del,I_DESCR
Frase1,nuovo,I_DESCR
Frase1,sistema,I_DESCR
Frase1,di,I_DESCR
Frase1,gestione,I_DESCR
Frase1,il,O
Frase1,nove,B_GIORNO
Frase1,settembre,B_MESE
Frase1,dalle,O
Frase1,ventidue,B_ORA-INIZ
Frase1,Muxi,O
Frase1,crea,O
Frase1,un,O
Frase1,meeting,O
Frase1,denominato,O
Frase1,padroneggiare,B_NOME-MEETING
Frase1,le,I_NOME-MEETING
Frase1,prestazioni,I_NOME-MEETING
Frase1,virtuali,I_NOME-MEETING
Frase1,per,O
Frase1,discutere,B_DESCR
Frase1,delle,I_DESCR
Frase1,nuove,I_DESCR
Frase1,linee,I_DESCR
Frase1,di,I_DESCR
Frase1,prodotto,I_DESCR
Frase1,dalle,O
Frase1,ventitre,B_ORA-INIZ
Frase1,e,I_ORA-INIZ
Frase1,quaranta,I_ORA-INIZ
Frase1,Puoi,O
Frase1,fissare,O
Frase1,un,O
Frase1,incontro,O
Frase1,Programma,O
Frase1,una,O
Frase1,riunione,O
Frase1,di,O
Frase1,coordinamento,B_NOME-MEETING
Frase1,con,I_NOME-MEETING
Frase1,il,I_NOME-MEETING
Frase1,team,I_NOME-MEETING
Frase1,di,I_NOME-MEETING
Frase1,progetto,I_NOME-MEETING
Frase1,per,O
Frase1,aggiornamenti,B_DESCR
Frase1,sul,I_DESCR
Frase1,progresso,I_DESCR
Frase1,il,O
Frase1,prossimo,O
Frase1,mese,O
Frase1,dalle,O
Frase1,undici,B_ORA-INIZ
Frase1,Puoi,O
Frase1,programmare,O
Frase1,un,O
Frase1,meeting,O
Frase1,per,O
Frase1,discutere,B_DESCR
Frase1,delle,I_DESCR
Frase1,azioni,I_DESCR
Frase1,correttive,I_DESCR
Frase1,da,I_DESCR
Frase1,intraprendere,I_DESCR
Frase1,nomianto,O
Frase1,il,B_NOME-MEETING
Frase1,team,I_NOME-MEETING
Frase1,di,I_NOME-MEETING
Frase1,qualita,I_NOME-MEETING
Frase1,l',O
Frase1,undici,B_GIORNO
Frase1,ottobre,B_MESE
Frase1,con,O
Frase1,orario,O
Frase1,dalle,O
Frase1,sette,B_ORA-INIZ
Frase1,e,I_ORA-INIZ
Frase1,venti,I_ORA-INIZ
Frase1,Muxi,O
Frase1,crea,O
Frase1,una,O
Frase1,riunione,O
Frase1,con,O
Frase1,nome,O
Frase1,ottimizzazione,B_NOME-MEETING
Frase1,gestione,I_NOME-MEETING
Frase1,tempo,I_NOME-MEETING
Frase1,per,O
Frase1,parlare,B_DESCR
Frase1,con,I_DESCR
Frase1,il,I_DESCR
Frase1,team,I_DESCR
Frase1,Puoi,O
Frase1,fissare,O
Frase1,un,O
Frase1,incontro,O
Frase1,che,O
Frase1,avrÃ ,O
Frase1,come,O
Frase1,descrizione,O
Frase1,serata,B_DESCR
Frase1,pokemon,I_DESCR
Frase1,and,I_DESCR
Frase1,chill,I_DESCR
Frase1,netflix,I_DESCR
Frase1,il,O
Frase1,sette,B_GIORNO
Frase1,novembre,B_MESE
Frase1,dalle,O
Frase1,tre,B_ORA-INIZ
Frase1,Programma,O
Frase1,un,O
Frase1,meeting,O
Frase1,con,O
Frase1,i,B_NOME-MEETING
Frase1,miei,I_NOME-MEETING
Frase1,colleghi,I_NOME-MEETING
Frase1,tester,I_NOME-MEETING
Frase1,per,O
Frase1,valutare,B_DESCR
Frase1,i,I_DESCR
Frase1,nuovi,I_DESCR
Frase1,codici,I_DESCR
Frase1,dei,I_DESCR
Frase1,ragazzi,I_DESCR
Frase1,del,I_DESCR
Frase1,team,I_DESCR
Frase1,il,O
Frase1,due,B_GIORNO
Frase1,dicembre,B_MESE
Frase1,dalle,O
Frase1,dieci,B_ORA-INIZ
Frase1,e,I_ORA-INIZ
Frase1,mezza,I_ORA-INIZ
Frase1,di,I_ORA-INIZ
Frase1,mattina,I_ORA-INIZ
Frase1,crea,O
Frase1,una,O
Frase1,riunione,O
Frase1,per,O
Frase1,il,B_NOME-MEETING
Frase1,senato,I_NOME-MEETING
Frase1,e,I_NOME-MEETING
Frase1,il,I_NOME-MEETING
Frase1,rettore,I_NOME-MEETING
Frase1,per,O
Frase1,domani,B_GIORNO
Frase1,dalle,O
Frase1,diciassette,B_ORA-INIZ
Frase1,Puoi,O
Frase1,fissare,O
Frase1,un,O
Frase1,incontro,O
Frase1,per,O
Frase1,il,B_NOME-MEETING
Frase1,dipartimento,I_NOME-MEETING
Frase1,delle,I_NOME-MEETING
Frase1,risorse,I_NOME-MEETING
Frase1,umane,I_NOME-MEETING
Frase1,per,O
Frase1,analizzare,B_DESCR
Frase1,le,I_DESCR
Frase1,politiche,I_DESCR
Frase1,aziendali,I_DESCR
Frase1,Programma,O
Frase1,una,O
Frase1,riunione,O
Frase1,il,O
Frase1,dodici,B_GIORNO
Frase1,gennaio,B_MESE
Frase1,Puoi,O
Frase1,fissare,O
Frase1,un,O
Frase1,incontro,O
Frase1,per,O
Frase1,il,B_NOME-MEETING
Frase1,reparto,B_NOME-MEETING
Frase1,analisi,B_NOME-MEETING
Frase1,comunicazione,B_NOME-MEETING
Frase1,interna,B_NOME-MEETING
Frase1,per,O
Frase1,verificare,B_DESCR
Frase1,la,I_DESCR
Frase1,qualitÃ ,I_DESCR
Frase1,di,I_DESCR
Frase1,collaborazione,I_DESCR
Frase1,Muxi,O
Frase1,crea,O
Frase1,una,O
Frase1,riunione,O
Frase1,con,O
Frase1,nome,O
Frase1,lezione,B_NOME-MEETING
Frase1,di,I_NOME-MEETING
Frase1,inglese,I_NOME-MEETING
Frase1,e,O
Frase1,descrizione,O
Frase1,discutere,B_DESCR
Frase1,delle,I_DESCR
Frase1,nuove,I_DESCR
Frase1,strategie,I_DESCR
Frase1,di,I_DESCR
Frase1,mercato,I_DESCR
Frase1,Programma,O
Frase1,un,O
Frase1,incontro,O
Frase1,con,O
Frase1,il,B_NOME-MEETING
Frase1,cliente,I_NOME-MEETING
Frase1,per,I_NOME-MEETING
Frase1,vendere,I_NOME-MEETING
Frase1,cereali,I_NOME-MEETING
Frase1,per,O
Frase1,vendere,B_DESCR
Frase1,cereali,I_DESCR
Frase1,e,I_DESCR
Frase1,acquisire,I_DESCR
Frase1,nuove,I_DESCR
Frase1,opportunita,I_DESCR
Frase1,il,O
Frase1,dieci,B_GIORNO
Frase1,febbraio,B_MESE
Frase1,dalle,O
Frase1,due,B_ORA-INIZ
Frase1,di,I_ORA-INIZ
Frase1,pomeriggio,I_ORA-INIZ
Frase1,Puoi,O
Frase1,fissare,O
Frase1,un,O
Frase1,incontro,O
Frase1,per,O
Frase1,il,B_NOME-MEETING
Frase1,gruppo,I_NOME-MEETING
Frase1,di,I_NOME-MEETING
Frase1,supporto,I_NOME-MEETING
Frase1,tecnico,I_NOME-MEETING
Frase1,il,O
Frase1,sedici,B_GIORNO
Frase1,marzo,B_MESE
Frase1,dalle,O
Frase1,sedici,B_ORA-INIZ
Frase1,Muxi,O
Frase1,crea,O
Frase1,un,O
Frase1,meeting,O
Frase1,per,O
Frase1,la,B_NOME-MEETING
Frase1,riunione,I_NOME-MEETING
Frase1,del,I_NOME-MEETING
Frase1,comitato,I_NOME-MEETING
Frase1,per,O
Frase1,selezionare,B_DESCR
Frase1,le,I_DESCR
Frase1,strategie,I_DESCR
Frase1,di,I_DESCR
Frase1,comunicazione,I_DESCR
Frase1,il,O
Frase1,tre,B_GIORNO
Frase1,aprile,B_MESE
Frase1,dalle,O
Frase1,nove,B_ORA-INIZ
Frase1,e,I_ORA-INIZ
Frase1,quarantadue,I_ORA-INIZ
Frase1,Puoi,O
Frase1,fissare,O
Frase1,un,O
Frase1,incontro,O
Frase1,per,O
Frase1,dipartimento,B_NOME-MEETING
Frase1,di,I_NOME-MEETING
Frase1,eccellenza,I_NOME-MEETING
Frase1,informatica,I_NOME-MEETING
Frase1,per,O
Frase1,vantarsi,B_DESCR
Frase1,di,I_DESCR
Frase1,quanto,I_DESCR
Frase1,siamo,I_DESCR
Frase1,fighi,I_DESCR
Frase1,il,O
Frase1,quattro,B_GIORNO
Frase1,maggio,B_MESE
Frase1,dalle,O
Frase1,uno,B_ORA-INIZ
Frase1,e,I_ORA-INIZ
Frase1,mezza,I_ORA-INIZ
Frase1,del,I_ORA-INIZ
Frase1,mattino,I_ORA-INIZ
Frase1,Programma,O
Frase1,una,O
Frase1,riunione,O
Frase1,con,O
Frase1,nome,O
Frase1,come,B_NOME-MEETING
Frase1,vincere,I_NOME-MEETING
Frase1,l,I_NOME-MEETING
Frase1,AppChallenge,I_NOME-MEETING
Frase1,e,O
Frase1,descrizione,O
Frase1,Simone,B_DESCR
Frase1,Pio,I_DESCR
Frase1,Aurelio,I_DESCR
Frase1,ma,I_DESCR
Frase1,non,I_DESCR
Frase1,Raffaele,I_DESCR
Frase1,il,O
Frase1,quattordici,B_GIORNO
Frase1,dalle,O
Frase1,quattro,B_ORA-INIZ
Frase1,e,I_ORA-INIZ
Frase1,due,I_ORA-INIZ
Frase1,di,I_ORA-INIZ
Frase1,mattina,I_ORA-INIZ
Frase1,Puoi,O
Frase1,fissare,O
Frase1,un,O
Frase1,incontro,O
Frase1,per,O
Frase1,la,B_NOME-MEETING
Frase1,segreteria,I_NOME-MEETING
Frase1,e,I_NOME-MEETING
Frase1,le,I_NOME-MEETING
Frase1,interna,I_NOME-MEETING
Frase1,per,O
Frase1,colloquiare,B_DESCR
Frase1,delle,I_DESCR
Frase1,pratiche,I_DESCR
Frase1,e,I_DESCR
Frase1,scartoffie,I_DESCR
Frase1,riguardanti,I_DESCR
Frase1,le,I_DESCR
Frase1,borse,I_DESCR
Frase1,il,O
Frase1,cinque,B_GIORNO
Frase1,undefined,O
Frase1,cinque,B_ORA-INIZ
Frase1,Muxi,O
Frase1,crea,O
Frase1,una,O
Frase1,riunione,O
Frase1,per,O
Frase1,la,B_NOME-MEETING
Frase1,settima,I_NOME-MEETING
Frase1,lezione,I_NOME-MEETING
Frase1,BD2,I_NOME-MEETING
Frase1,per,O
Frase1,insegnare,B_DESCR
Frase1,delle,I_DESCR
Frase1,gli,I_DESCR
Frase1,operatori,I_DESCR
Frase1,OLAP,I_DESCR
Frase1,e,I_DESCR
Frase1,FLTP,I_DESCR
Frase1,il,O
Frase1,diciotto,B_GIORNO
Frase1,giugno,B_MESE
Frase1,dalle,O
Frase1,sette,B_ORA-INIZ
Frase1,e,I_ORA-INIZ
Frase1,sette,I_ORA-INIZ
Frase1,di,I_ORA-INIZ
Frase1,mattina,I_ORA-INIZ
Frase1,Programma,O
Frase1,un,O
Frase1,incontro,O
Frase1,per,O
Frase1,i,B_NOME-MEETING
Frase1,professori,I_NOME-MEETING
Frase1,esteri,I_NOME-MEETING
Frase1,siccome,O
Frase1,vogliamo,O
Frase1,parlare,B_DESCR
Frase1,dei,I_DESCR
Frase1,nuovi,I_DESCR
Frase1,algoritmi,I_DESCR
Frase1,di,I_DESCR
Frase1,ottimizzazione,I_DESCR
Frase1,il,O
Frase1,sette,B_GIORNO
Frase1,luglio,B_MESE
Frase1,dalle,O
Frase1,dieci,B_ORA-INIZ
Frase1,Puoi,O
Frase1,fissare,O
Frase1,un,O
Frase1,incontro,O
Frase1,con,O
Frase1,il,O
Frase1,team,B_NOME-MEETING
Frase1,di,I_NOME-MEETING
Frase1,supporto,I_NOME-MEETING
Frase1,tecnico,I_NOME-MEETING
Frase1,con,O
Frase1,descrizione,O
Frase1,parlare,B_DESCR
Frase1,delle,I_DESCR
Frase1,nuove,I_DESCR
Frase1,procedure,I_DESCR
Frase1,di,I_DESCR
Frase1,assistenza,I_DESCR
Frase1,dalle,O
Frase1,dodici,B_ORA-INIZ
Frase1,della,I_ORA-INIZ
Frase1,mattina,I_ORA-INIZ
Frase1,Muxi,O
Frase1,crea,O
Frase1,un,O
Frase1,meeting,O
Frase1,per,O
Frase1,definire,B_DESCR
Frase1,le,I_DESCR
Frase1,strategie,I_DESCR
Frase1,di,I_DESCR
Frase1,comunicazione,I_DESCR
Frase1,il,O
Frase1,sei,B_GIORNO
Frase1,agosto,B_MESE
Frase1,dalle,O
Frase1,tredici,B_ORA-INIZ
Frase1,e,I_ORA-INIZ
Frase1,quaranta,I_ORA-INIZ
Frase1,del,I_ORA-INIZ
Frase1,pomeriggio,I_ORA-INIZ
Frase1,Puoi,O
Frase1,fissare,O
Frase1,un,O
Frase1,incontro,O
Frase1,con,O
Frase1,il,B_NOME-MEETING
Frase1,dipartimento,I_NOME-MEETING
Frase1,delle,I_NOME-MEETING
Frase1,risorse,I_NOME-MEETING
Frase1,umane,I_NOME-MEETING
Frase1,per,O
Frase1,discutere,B_DESCR
Frase1,delle,I_DESCR
Frase1,politiche,I_DESCR
Frase1,aziendali,I_DESCR
Frase1,il,O
Frase1,tredici,B_GIORNO
Frase1,settembre,B_MESE
Frase1,dalle,O
Frase1,quattordici,B_ORA-INIZ
Frase1,Programma,O
Frase1,una,O
Frase1,riunione,O
Frase1,con,O
Frase1,il,B_NOME-MEETING
Frase1,sottogruppo,I_NOME-MEETING
Frase1,di,I_NOME-MEETING
Frase1,sviluppo,I_NOME-MEETING
Frase1,per,O
Frase1,discutere,O
Frase1,delle,O
Frase1,nuove,B_DESCR
Frase1,funzionalita,I_DESCR
Frase1,del,I_DESCR
Frase1,software,I_DESCR
Frase1,il,O
Frase1,ventisei,B_GIORNO
Frase1,ottobre,B_MESE
Frase1,dalle,O
Frase1,quindici,B_ORA-INIZ
Frase1,di,I_ORA-INIZ
Frase1,pomeriggio,I_ORA-INIZ
Frase1,Puoi,O
Frase1,fissare,O
Frase1,un,O
Frase1,incontro,O
Frase1,nominato,O
Frase1,scoprire,B_NOME-MEETING
Frase1,strategie,I_NOME-MEETING
Frase1,di,I_NOME-MEETING
Frase1,gestione,I_NOME-MEETING
Frase1,negoziazione,I_NOME-MEETING
Frase1,per,O
Frase1,discutere,O
Frase1,delle,O
Frase1,strategie,B_DESCR
Frase1,due,I_DESCR
Frase1,collaborazione,I_DESCR
Frase1,il,O
Frase1,diciassette,B_GIORNO
Frase1,novembre,B_MESE
Frase1,dalle,O
Frase1,venti,B_ORA-INIZ
Frase1,Muxi,O
Frase1,crea,O
Frase1,una,O
Frase1,riunione,O
Frase1,per,O
Frase1,il,B_NOME-MEETING
Frase1,rapporto,I_NOME-MEETING
Frase1,di,I_NOME-MEETING
Frase1,vendita,I_NOME-MEETING
Frase1,per,O
Frase1,discutere,O
Frase1,delle,O
Frase1,nuove,B_DESCR
Frase1,strategie,I_DESCR
Frase1,di,I_DESCR
Frase1,mercato,I_DESCR
Frase1,il,O
Frase1,diciannove,B_GIORNO
Frase1,dicembre,B_MESE
Frase1,dalle,O
Frase1,diciotto,B_ORA-INIZ
Frase1,del,I_ORA-INIZ
Frase1,pomeriggio,I_ORA-INIZ
Frase1,Programma,O
Frase1,un,O
Frase1,incontro,O
Frase1,con,O
Frase1,il,B_NOME-MEETING
Frase1,resoconto,I_NOME-MEETING
Frase1,di,I_NOME-MEETING
Frase1,produzione,I_NOME-MEETING
Frase1,per,O
Frase1,discutere,O
Frase1,delle,O
Frase1,nuove,B_DESCR
Frase1,iniziative,I_DESCR
Frase1,di,I_DESCR
Frase1,ottimizzazione,I_DESCR
Frase1,il,O
Frase1,ventuno,B_GIORNO
Frase1,gennaio,B_MESE
Frase1,dalle,O
Frase1,diciannove,B_ORA-INIZ
Frase1,Puoi,O
Frase1,fissare,O
Frase1,un,O
Frase1,incontro,O
Frase1,per,O
Frase1,i,B_NOME-MEETING
Frase1,membri,I_NOME-MEETING
Frase1,dell,I_NOME-MEETING
Frase1,helpdesk,I_NOME-MEETING
Frase1,aziendale,I_NOME-MEETING
Frase1,per,O
Frase1,parlare,O
Frase1,del,O
Frase1,testing,B_DESCR
Frase1,procedure,I_DESCR
Frase1,di,I_DESCR
Frase1,sistema,O
Frase1,ventitre,B_GIORNO
Frase1,febbraio,B_MESE
Frase1,dalle,O
Frase1,ventuno,B_ORA-INIZ
Frase1,Muxi,O
Frase1,crea,O
Frase1,un,O
Frase1,meeting,O
Frase1,per,O
Frase1,il,B_NOME-MEETING
Frase1,gruppo,I_NOME-MEETING
Frase1,di,I_NOME-MEETING
Frase1,marketing,I_NOME-MEETING
Frase1,per,O
Frase1,definire,O
Frase1,le,O
Frase1,strategie,B_DESCR
Frase1,di,I_DESCR
Frase1,comunicazione,I_DESCR
Frase1,il,O
Frase1,ventisette,B_GIORNO
Frase1,marzo,B_MESE
Frase1,dalle,O
Frase1,ventidue,B_ORA-INIZ
Frase1,Puoi,O
Frase1,fissare,O
Frase1,un,O
Frase1,incontro,O
Frase1,per,O
Frase1,chiacchierare,O
Frase1,delle,O
Frase1,politiche,B_DESCR
Frase1,aziendali,I_DESCR
Frase1,il,O
Frase1,trenta,B_GIORNO
Frase1,aprile,B_MESE
Frase1,dalle,O
Frase1,ventitre,B_ORA-INIZ
Frase1,Programma,O
Frase1,una,O
Frase1,riunione,O
Frase1,con,O
Frase1,nome,O
Frase1,gestire,B_NOME-MEETING
Frase1,lo,I_NOME-MEETING
Frase1,stress,I_NOME-MEETING
Frase1,in,I_NOME-MEETING
Frase1,modo,I_NOME-MEETING
Frase1,efficacie,I_NOME-MEETING
Frase1,per,O
Frase1,chiacchierare,B_DESCR
Frase1,delle,I_DESCR
Frase1,nuove,I_DESCR
Frase1,funzionalita ,I_DESCR
Frase1,del,I_DESCR
Frase1,software,I_DESCR
Frase1,il,O
Frase1,venticinque,B_GIORNO
Frase1,maggio,B_MESE
Frase1,dalle,O
Frase1,ventiquattro,B_ORA-INIZ
Frase1,Puoi,O
Frase1,fissare,O
Frase1,un,O
Frase1,incontro,O
Frase1,per,O
Frase1,organizzare,B_NOME-MEETING
Frase1,il,I_NOME-MEETING
Frase1,consorzio,I_NOME-MEETING
Frase1,nazionale,B_DESCR
Frase1,il,O
Frase1,ventotto,B_GIORNO
Frase1,giugno,B_MESE
Frase1,dalle,O
Frase1,mezzogiorno,B_ORA-INIZ
Frase1,e,I_ORA-INIZ
Frase1,cinquantatre,I_ORA-INIZ
Frase1,Muxi,O
Frase1,crea,O
Frase1,una,O
Frase1,riunione,O
Frase1,nominata,O
Frase1,il,B_NOME-MEETING
Frase1,supporto,I_NOME-MEETING
Frase1,alle,I_NOME-MEETING
Frase1,vendite,I_NOME-MEETING
Frase1,per,O
Frase1,il,O
Frase1,ventinove,B_GIORNO
Frase1,luglio,B_MESE
Frase1,dalle,O
Frase1,mezzanotte,B_ORA-INIZ
Frase1,Organizza,O
Frase1,un,O
Frase1,meeting,B_NOME-MEETING
Frase1,con,I_NOME-MEETING
Frase1,il,I_NOME-MEETING
Frase1,mio,I_NOME-MEETING
Frase1,di,I_NOME-MEETING
Frase1,amico,I_NOME-MEETING
Frase1,per,O
Frase1,delle,O
Frase1,nuove,B_DESCR
Frase1,iniziative,I_DESCR
Frase1,di,I_DESCR
Frase1,ottimizzazione,I_DESCR
Frase1,il,O
Frase1,trentuno,B_GIORNO
Frase1,agosto,B_MESE
Frase1,dalle,O
Frase1,nove,B_ORA-INIZ
Frase1,Puoi,O
Frase1,fissare,O
Frase1,un,O
Frase1,incontro,O
Frase1,per,O
Frase1,la,O
Frase1,festa,B_NOME-MEETING
Frase1,di,I_NOME-MEETING
Frase1,fine,I_NOME-MEETING
Frase1,anno,I_NOME-MEETING
Frase1,per,O
Frase1,festeggiare,B_DESCR
Frase1,il,I_DESCR
Frase1,successo,I_DESCR
Frase1,dello,I_DESCR
Frase1,spinoff,I_DESCR
Frase1,il,O
Frase1,ventotto,B_GIORNO
Frase1,settembre,B_MESE
Frase1,mese,O
Frase1,alle,O
Frase1,quindici,B_ORA-INIZ
Frase1,e,I_ORA-INIZ
Frase1,trenta,I_ORA-INIZ
Frase1,Muxi,O
Frase1,per,O
Frase1,piacere,O
Frase1,crea,O
Frase1,un,O
Frase1,meeting,O
Frase1,dove,O
Frase1,discutere,B_DESCR
Frase1,degli,I_DESCR
Frase1,arresti,I_DESCR
Frase1,compiuti,I_DESCR
Frase1,a,I_DESCR
Frase1,Napoli,I_DESCR
Frase1,chiamato,O
Frase1,Arresti,B_NOME-MEETING
Frase1,A,I_NOME-MEETING
Frase1,Napoli,I_NOME-MEETING
Frase1,domani,O
Frase1,alle,O
Frase1,quattro,B_ORA-INIZ
Frase1,Crea,O
Frase1,un,O
Frase1,incontro,O
Frase1,per,O
Frase1,Pianificare,B_NOME-MEETING
Frase1,l,I_NOME-MEETING
Frase1,Omicidio,I_NOME-MEETING
Frase1,di,I_NOME-MEETING
Frase1,Raffaele,I_NOME-MEETING
Frase1,dove,O
Frase1,discutere,O
Frase1,di,O
Frase1,come,B_DESCR
Frase1,uccidere,I_DESCR
Frase1,Raffaele,I_DESCR
Frase1,e,I_DESCR
Frase1,Nascondere,I_DESCR
Frase1,il,I_DESCR
Frase1,suo,I_DESCR
Frase1,Cadavere,I_DESCR
Frase1,Organizza,O
Frase1,una,O
Frase1,riunione,O
Frase1,chiamata,O
Frase1,Organzzare,B_NOME-MEETING
Frase1,una,I_NOME-MEETING
Frase1,vacanza,I_NOME-MEETING
Frase1,aziendale,I_NOME-MEETING
Frase1,per,O
Frase1,decidere,B_DESCR
Frase1,dove,I_DESCR
Frase1,andare,I_DESCR
Frase1,in,I_DESCR
Frase1,vacanza,I_DESCR
Frase1,con,I_DESCR
Frase1,i,I_DESCR
Frase1,miei,I_DESCR
Frase1,bro,I_DESCR
Frase1,dello,I_DESCR
Frase1,spinoff,I_DESCR
Frase1,alle,O
Frase1,sedici,B_ORA-INIZ
Frase1,di,O
Frase1,domani,B_GIORNO
Frase1,Fissa,O
Frase1,un,O
Frase1,incontro,O
Frase1,a,O
Frase1,mezzanotte,B_ORA-INIZ
Frase1,dove,O
Frase1,discutiamo,B_DESCR
Frase1,di,I_DESCR
Frase1,quale,I_DESCR
Frase1,ragazza,I_DESCR
Frase1,di,I_DESCR
Frase1,informatica,I_DESCR
Frase1,aÂ¨,I_DESCR
Frase1,carina,I_DESCR
Frase1,(nessuna),I_DESCR
Frase1,Muxi,O
Frase1,organizza,O
Frase1,un,O
Frase1,incontro,O
Frase1,nominato,O
Frase1,Test,B_NOME-MEETING
Frase1,delle,I_NOME-MEETING
Frase1,nuove,I_NOME-MEETING
Frase1,funzionalita ,I_NOME-MEETING
Frase1,per,O
Frase1,verificare,B_DESCR
Frase1,il,I_DESCR
Frase1,corretto,I_DESCR
Frase1,funzionamento,I_DESCR
Frase1,delle,I_DESCR
Frase1,nuove,I_DESCR
Frase1,feature,I_DESCR
Frase1,dopodomani,B_GIORNO
Frase1,alle,O
Frase1,diciotto,B_ORA-INIZ
Frase1,Muxi,O
Frase1,tesoro,O
Frase1,mio,O
Frase1,per,O
Frase1,favore,O
Frase1,organizza,O
Frase1,una,O
Frase1,riunione,O
Frase1,dove,O
Frase1,si,O
Frase1,discute,B_NOME-MEETING
Frase1,dei,I_NOME-MEETING
Frase1,recenti,I_NOME-MEETING
Frase1,licenziamenti,I_NOME-MEETING
Frase1,del,I_NOME-MEETING
Frase1,personale,I_NOME-MEETING
Frase1,alle,O
Frase1,dodici,B_ORA-INIZ
Frase1,di,O
Frase1,domani,B_GIORNO
Frase1,Muxiino,O
Frase1,fissa,O
Frase1,un,O
Frase1,appuntamentino,O
Frase1,in,O
Frase1,cui,O
Frase1,parliamo,B_NOME-MEETING
Frase1,di,I_NOME-MEETING
Frase1,ragazzi,I_NOME-MEETING
Frase1,con,O
Frase1,le,O
Frase1,mie,O
Frase1,amiche,O
Frase1,in,O
Frase1,particolare,O
Frase1,voglio,O
Frase1,parlare,B_DESCR
Frase1,di,I_DESCR
Frase1,quel,I_DESCR
Frase1,fusto,I_DESCR
Frase1,di,I_DESCR
Frase1,Otino,I_DESCR
Frase1,a,O
Frase1,mezzogiorno,B_ORA-INIZ
Frase1,dell',O
Frase1,anno,B_ANNO
Frase1,prossimo,B_ANNO
Frase1,grazie,O
Frase1,Muxi,O
Frase1,crea,O
Frase1,un,O
Frase1,meeting,O
Frase1,per,O
Frase1,alle,O
Frase1,mezzogiorno,B_ORA-INIZ
Frase1,Puoi,O
Frase1,fissare,O
Frase1,una,O
Frase1,lezione,B_NOME-MEETING
Frase1,di,I_NOME-MEETING
Frase1,inglese,I_NOME-MEETING
Frase1,per,O
Frase1,discrutere,B_DESCR
Frase1,dei,I_DESCR
Frase1,vestiti,I_DESCR
Frase1,Programma,O
Frase1,una,O
Frase1,discussione,O
Frase1,con,B_NOME-MEETING
Frase1,il,I_NOME-MEETING
Frase1,team,I_NOME-MEETING
Frase1,di,I_NOME-MEETING
Frase1,sviluppo,I_NOME-MEETING
Frase1,con,O
Frase1,descrizione,O
Frase1,discutere,B_DESCR
Frase1,delle,I_DESCR
Frase1,nuove,I_DESCR
Frase1,funzionalita ,I_DESCR
Frase1,del,I_DESCR
Frase1,software,I_DESCR
Frase1,il,O
Frase1,dodici,B_GIORNO
Frase1,ottobre,B_MESE
Frase1,Puoi,O
Frase1,fissare,O
Frase1,una,O
Frase1,simulazione,O
Frase1,per,O
Frase1,discutere,B_DESCR
Frase1,delle,I_DESCR
Frase1,strategie,I_DESCR
Frase1,di,I_DESCR
Frase1,collaborazione,I_DESCR
Frase1,il,O
Frase1,sette,B_GIORNO
Frase1,novembre,B_MESE
Frase1,dalle,O
Frase1,quattordici,B_ORA-INIZ
Frase1,Muxi,O
Frase1,crea,O
Frase1,una,O
Frase1,riunione,O
Frase1,nominata,O
Frase1,Discorsi,B_NOME-MEETING
Frase1,su,I_NOME-MEETING
Frase1,diversitÃ ,I_NOME-MEETING
Frase1,e,I_NOME-MEETING
Frase1,inclusione,I_NOME-MEETING
Frase1,per,O
Frase1,discutere,B_DESCR
Frase1,delle,I_DESCR
Frase1,nuove,I_DESCR
Frase1,strategie,I_DESCR
Frase1,di,I_DESCR
Frase1,mercato,I_DESCR
Frase1,il,O
Frase1,ventisette,B_GIORNO
Frase1,Programma,O
Frase1,un,O
Frase1,incontro,O
Frase1,con,O
Frase1,l,B_NOME-MEETING
Frase1,organizzazione,I_NOME-MEETING
Frase1,per,I_NOME-MEETING
Frase1,commgo,I_NOME-MEETING
Frase1,per,O
Frase1,decidere,B_DESCR
Frase1,quali,I_DESCR
Frase1,servizi,I_DESCR
Frase1,la,I_DESCR
Frase1,azienda,I_DESCR
Frase1,offre,I_DESCR
Frase1,Puoi,O
Frase1,fissare,O
Frase1,un,O
Frase1,incontro,O
Frase1,chiamato,O
Frase1,scoprire,B_NOME-MEETING
Frase1,insieme,I_NOME-MEETING
Frase1,ai,I_NOME-MEETING
Frase1,bro,I_NOME-MEETING
Frase1,la,I_NOME-MEETING
Frase1,felicitÃ ,I_NOME-MEETING
Frase1,e,O
Frase1,la,O
Frase1,descrizione,O
Frase1,discutere,B_DESCR
Frase1,delle,I_DESCR
Frase1,nuove,I_DESCR
Frase1,procedure,I_DESCR
Frase1,di,I_DESCR
Frase1,assistenza,I_DESCR
Frase1,Muxi,O
Frase1,crea,O
Frase1,un,O
Frase1,incontro,O
Frase1,nominato,O
Frase1,simulazione,B_NOME-MEETING
Frase1,d',I_NOME-MEETING
Frase1,incendio,I_NOME-MEETING
Frase1,il,O
Frase1,tredici,B_GIORNO
Frase1,dicembre,B_MESE
Frase1,dalle,O
Frase1,diciotto,B_ORA-INIZ
Frase1,e,I_ORA-INIZ
Frase1,quarantotto,I_ORA-INIZ
Frase1,Puoi,O
Frase1,fissare,O
Frase1,una,O
Frase1,riunione,O
Frase1,nominata,O
Frase1,il,B_NOME-MEETING
Frase1,dipartimento,I_NOME-MEETING
Frase1,delle,I_NOME-MEETING
Frase1,risorse,I_NOME-MEETING
Frase1,umane,I_NOME-MEETING
Frase1,con,O
Frase1,descrizione,O
Frase1,discutere,B_DESCR
Frase1,delle,I_DESCR
Frase1,politiche,I_DESCR
Frase1,aziendali,I_DESCR
Frase1,il,O
Frase1,venti,B_GIORNO
Frase1,gennaio,B_MESE
Frase1,Programma,O
Frase1,una,O
Frase1,riunione,O
Frase1,intitolata,O
Frase1,il,B_NOME-MEETING
Frase1,team,I_NOME-MEETING
Frase1,di,I_NOME-MEETING
Frase1,sviluppo,I_NOME-MEETING
Frase1,e,O
Frase1,descrizione,O
Frase1,discutere,B_DESCR
Frase1,delle,I_DESCR
Frase1,nuove,I_DESCR
Frase1,funzionalita ,I_DESCR
Frase1,del,I_DESCR
Frase1,software,I_DESCR
Frase1,dalle,O
Frase1,venti,B_ORA-INIZ
Frase1,e,I_ORA-INIZ
Frase1,trentasette,I_ORA-INIZ
Frase1,di,I_ORA-INIZ
Frase1,mattina,I_ORA-INIZ
Frase1,alle,O
Frase1,Puoi,O
Frase1,fissare,O
Frase1,un,O
Frase1,incontro,O
Frase1,nominato,O
Frase1,il,B_NOME-MEETING
Frase1,reparto,I_NOME-MEETING
Frase1,vendite,I_NOME-MEETING
Frase1,biscotti,I_NOME-MEETING
Frase1,interna,I_NOME-MEETING
Frase1,e,O
Frase1,descrizione,O
Frase1,pianificare,B_DESCR
Frase1,le,I_DESCR
Frase1,sedi,I_DESCR
Frase1,di,I_DESCR
Frase1,vendita,I_DESCR
Frase1,il,O
Frase1,ventuno,B_GIORNO
Frase1,febbraio,B_MESE
Frase1,dalle,O
Frase1,ventuno,B_ORA-INIZ
Frase1,Muxi,O
Frase1,crea,O
Frase1,una,O
Frase1,riunione,O
Frase1,per,O
Frase1,discutere,O
Frase1,delle,O
Frase1,nuove,B_DESCR
Frase1,strategie,I_DESCR
Frase1,di,I_DESCR
Frase1,mercato,I_DESCR
Frase1,il,O
Frase1,diciotto,B_GIORNO
Frase1,marzo,B_MESE
Frase1,dalle,O
Frase1,ventidue,B_ORA-INIZ
Frase1,Programma,O
Frase1,un,O
Frase1,incontro,O
Frase1,con,O
Frase1,il,B_NOME-MEETING
Frase1,CEO,I_NOME-MEETING
Frase1,di,I_NOME-MEETING
Frase1,MetaClass,B_DESCR
Frase1,per,O
Frase1,discutere,O
Frase1,delle,O
Frase1,nuove,B_DESCR
Frase1,iniziative,I_DESCR
Frase1,di,I_DESCR
Frase1,ottimizzazione,I_DESCR
Frase1,il,O
Frase1,quindici,B_GIORNO
Frase1,aprile,B_MESE
Frase1,dalle,O
Frase1,ventitre,B_ORA-INIZ
Frase1,Puoi,O
Frase1,fissare,O
Frase1,un,O
Frase1,incontro,O
Frase1,per,O
Frase1,i,B_NOME-MEETING
Frase1,ragazzi,I_NOME-MEETING
Frase1,del,I_NOME-MEETING
Frase1,tirocino,I_NOME-MEETING
Frase1,esterno,I_NOME-MEETING
Frase1,per,O
Frase1,discutere,O
Frase1,delle,O
Frase1,nuove,B_DESCR
Frase1,proposte,I_DESCR
Frase1,di,I_DESCR
Frase1,tesi,I_DESCR
Frase1,il,O
Frase1,uno,B_GIORNO
Frase1,maggio,B_MESE
Frase1,dalle,O
Frase1,ventiquattro,B_ORA-INIZ
Frase1,Muxi,O
Frase1,crea,O
Frase1,un,O
Frase1,meeting,O
Frase1,per,O
Frase1,il,B_DESCR
Frase1,gruppo,I_DESCR
Frase1,di,I_DESCR
Frase1,marketing,I_DESCR
Frase1,per,O
Frase1,insegnare,O
Frase1,le,O
Frase1,strategie,B_DESCR
Frase1,di,I_DESCR
Frase1,vendita,I_DESCR
Frase1,il,O
Frase1,cinque,B_GIORNO
Frase1,giugno,B_MESE
Frase1,dalle,O
Frase1,dieci,B_ORA-INIZ
Frase1,Puoi,O
Frase1,fissare,O
Frase1,una,O
Frase1,lezione,O
Frase1,per,O
Frase1,la,B_NOME-MEETING
Frase1,classe,I_NOME-MEETING
Frase1,di,I_NOME-MEETING
Frase1,formazione,I_NOME-MEETING
Frase1,java,I_NOME-MEETING
Frase1,con,O
Frase1,lo,O
Frase1,scopo,O
Frase1,di,O
Frase1,insegnare,B_DESCR
Frase1,la,I_DESCR
Frase1,programmazione,I_DESCR
Frase1,OOP,I_DESCR
Frase1,il,O
Frase1,nove,B_GIORNO
Frase1,luglio,B_MESE
Frase1,dalle,O
Frase1,otto,B_ORA-INIZ
Frase1,Programma,O
Frase1,una,O
Frase1,lezione,O
Frase1,per,O
Frase1,la,B_NOME-MEETING
Frase1,lezione,I_NOME-MEETING
Frase1,di,I_NOME-MEETING
Frase1,Python,I_NOME-MEETING
Frase1,per,O
Frase1,insegnare,O
Frase1,delle,O
Frase1,strutture,B_DESCR
Frase1,dati,I_DESCR
Frase1,come,I_DESCR
Frase1,Heap,I_DESCR
Frase1,il,O
Frase1,tre,B_GIORNO
Frase1,agosto,B_MESE
Frase1,da,O
Frase1,mezzogiorno,B_ORA-INIZ
Frase1,Puoi,O
Frase1,fissare,O
Frase1,un,O
Frase1,incontro,O
Frase1,per,O
Frase1,l,B_NOME-MEETING
Frase1,organizzazione,I_NOME-MEETING
Frase1,della,I_NOME-MEETING
Frase1,seduta,I_NOME-MEETING
Frase1,amministrativa,I_NOME-MEETING
Frase1,per,O
Frase1,discutere,O
Frase1,delle,O
Frase1,strategie,B_DESCR
Frase1,di,I_DESCR
Frase1,collaborazione,I_DESCR
Frase1,il,O
Frase1,due,B_GIORNO
Frase1,settembre,B_MESE
Frase1,dalle,O
Frase1,nove,B_ORA-INIZ
Frase1,Programma,O
Frase1,un,O
Frase1,incontro,O
Frase1,nominato,O
Frase1,nel,B_NOME-MEETING
Frase1,gruppo,I_NOME-MEETING
Frase1,di,I_NOME-MEETING
Frase1,produzione,I_NOME-MEETING
Frase1,con,O
Frase1,descrizione,O
Frase1,padroneggiare,B_DESCR
Frase1,prestazioni,I_DESCR
Frase1,virtuali,I_DESCR
Frase1,iniziative,I_DESCR
Frase1,di,I_DESCR
Frase1,ottimizzazione,I_DESCR
Frase1,il,O
Frase1,dieci,B_GIORNO
Frase1,ottobre,B_MESE
Frase1,dalle,O
Frase1,due,B_ORA-INIZ
Frase1,di,O
Frase1,pomeriggio,O
Frase1,Puoi,O
Frase1,fissare,O
Frase1,un,O
Frase1,incontro,O
Frase1,nome,O
Frase1,migliorare,B_NOME-MEETING
Frase1,la,I_NOME-MEETING
Frase1,esperienza,I_NOME-MEETING
Frase1,dell,I_NOME-MEETING
Frase1,undefined,I_NOME-MEETING
Frase1,utente,I_NOME-MEETING
Frase1,il,O
Frase1,quattro,B_GIORNO
Frase1,novembre,B_MESE
Frase1,dalle,O
Frase1,quattordici,B_ORA-INIZ
Frase1,Muxi,O
Frase1,crea,O
Frase1,un,O
Frase1,meeting,O
Frase1,per,O
Frase1,chiamato,O
Frase1,pianifcazione,B_NOME-MEETING
Frase1,servizi,B_NOME-MEETING
Frase1,azienda,B_NOME-MEETING
Frase1,per,O
Frase1,definire,B_DESCR
Frase1,le,I_DESCR
Frase1,strategie,I_DESCR
Frase1,di,I_DESCR
Frase1,comunicazione,I_DESCR
Frase1,il,O
Frase1,sei,B_GIORNO
Frase1,dicembre,B_MESE
Frase1,dall,O
Frase1,una,B_ORA-INIZ
Frase1,Puoi,O
Frase1,fissare,O
Frase1,un,O
Frase1,incontro,O
Frase1,nomiato,O
Frase1,analisi,B_NOME-MEETING
Frase1,auto,I_NOME-MEETING
Frase1,a,I_NOME-MEETING
Frase1,guida,I_NOME-MEETING
Frase1,autonoma,I_NOME-MEETING
Frase1,con,O
Frase1,descrizione,O
Frase1,delle,B_DESCR
Frase1,strategie,I_DESCR
Frase1,di,I_DESCR
Frase1,collaborazione,I_DESCR
Frase1,l,O
Frase1,otto,B_GIORNO
Frase1,dalle,O
Frase1,cinque,B_ORA-INIZ
Frase1,Programma,O
Frase1,una,O
Frase1,riunione,O
Frase1,con,O
Frase1,il,B_NOME-MEETING
Frase1,team,I_NOME-MEETING
Frase1,di,I_NOME-MEETING
Frase1,sviluppo,I_NOME-MEETING
Frase1,per,O
Frase1,discutere,B_DESCR
Frase1,delle,I_DESCR
Frase1,nuove,I_DESCR
Frase1,funzionalita ,I_DESCR
Frase1,del,I_DESCR
Frase1,software,I_DESCR
Frase1,l,O
Frase1,undici,B_GIORNO
Frase1,gennaio,B_MESE
Frase1,dalle,O
Frase1,quattordici,B_ORA-INIZ
Frase1,Puoi,O
Frase1,fissare,O
Frase1,un,O
Frase1,incontro,O
Frase1,per,O
Frase1,il,B_NOME-MEETING
Frase1,team,I_NOME-MEETING
Frase1,di,I_NOME-MEETING
Frase1,comunicazione,I_NOME-MEETING
Frase1,interna,I_NOME-MEETING
Frase1,con,O
Frase1,questa,O
Frase1,descrizione,O
Frase1,strategie,B_DESCR
Frase1,cinque,I_DESCR
Frase1,di,I_DESCR
Frase1,collaborazione,I_DESCR
Frase1,il,O
Frase1,quattordici,B_GIORNO
Frase1,dalle,O
Frase1,tre,B_ORA-INIZ
Frase1,Muxi,O
Frase1,crea,O
Frase1,una,O
Frase1,riunione,O
Frase1,per,O
Frase1,il,B_NOME-MEETING
Frase1,team,I_NOME-MEETING
Frase1,di,I_NOME-MEETING
Frase1,produzione,I_NOME-MEETING
Frase1,con,O
Frase1,questa,O
Frase1,descrizione,O
Frase1,discutere,B_DESCR
Frase1,delle,I_DESCR
Frase1,nuove,I_DESCR
Frase1,iniziative,I_DESCR
Frase1,di,I_DESCR
Frase1,ottimizzazione,I_DESCR
Frase1,il,O
Frase1,sedici,B_GIORNO
Frase1,dicembre,B_MESE
Frase1,dalle,O
Frase1,sei,B_ORA-INIZ
Frase1,Programma,O
Frase1,un,O
Frase1,incontro,B_NOME-MEETING
Frase1,con,I_NOME-MEETING
Frase1,il,I_NOME-MEETING
Frase1,team,I_NOME-MEETING
Frase1,di,I_NOME-MEETING
Frase1,marketing,I_NOME-MEETING
Frase1,per,O
Frase1,definire,B_DESCR
Frase1,le,I_DESCR
Frase1,strategie,I_DESCR
Frase1,di,I_DESCR
Frase1,comunicazione,I_DESCR
Frase1,il,O
Frase1,diciassette,B_GIORNO
Frase1,ottobre,B_MESE
Frase1,dalle,O
Frase1,sette,B_ORA-INIZ
Frase1,Puoi,O
Frase1,fissare,O
Frase1,un,O
Frase1,incontro,B_NOME-MEETING
Frase1,per,I_NOME-MEETING
Frase1,il,I_NOME-MEETING
Frase1,team,I_NOME-MEETING
Frase1,di,I_NOME-MEETING
Frase1,supporto,I_NOME-MEETING
Frase1,tecnico,I_NOME-MEETING
Frase1,il,O
Frase1,diciannove,B_GIORNO
Frase1,settembre,B_MESE
Frase1,dalle,O
Frase1,otto,B_ORA-INIZ
Frase1,Muxi,O
Frase1,crea,O
Frase1,un,O
Frase1,meeting,O
Frase1,per,O
Frase1,il,O
Frase1,team,B_NOME-MEETING
Frase1,di,I_NOME-MEETING
Frase1,marketing,I_NOME-MEETING
Frase1,per,O
Frase1,definire,B_DESCR
Frase1,le,I_DESCR
Frase1,strategie,I_DESCR
Frase1,di,I_DESCR
Frase1,comunicazione,I_DESCR
Frase1,il,O
Frase1,venticinque,B_GIORNO
Frase1,novembre,B_MESE
Frase1,dalle,O
Frase1,dieci,B_ORA-INIZ
Frase1,Puoi,O
Frase1,fissare,O
Frase1,un,O
Frase1,incontro,O
Frase1,per,O
Frase1,il,B_NOME-MEETING
Frase1,team,I_NOME-MEETING
Frase1,di,I_NOME-MEETING
Frase1,marketing,I_NOME-MEETING
Frase1,con,O
Frase1,questa,O
Frase1,descrizione,O
Frase1,nuove,B_DESCR
Frase1,strategie,I_DESCR
Frase1,di,I_DESCR
Frase1,promozione,I_DESCR
Frase1,il,O
Frase1,ventidue,B_GIORNO
Frase1,agosto,B_MESE
Frase1,dalle,O
Frase1,undici,B_ORA-INIZ
Frase1,Muxi,O
Frase1,crea,O
Frase1,una,O
Frase1,riunione,O
Frase1,per,O
Frase1,il,B_NOME-MEETING
Frase1,team,I_NOME-MEETING
Frase1,di,I_NOME-MEETING
Frase1,sviluppo,I_NOME-MEETING
Frase1,per,O
Frase1,discutere,B_DESCR
Frase1,delle,I_DESCR
Frase1,nuove,I_DESCR
Frase1,funzionalita ,I_DESCR
Frase1,del,I_DESCR
Frase1,software,I_DESCR
Frase1,il,O
Frase1,ventitre,B_GIORNO
Frase1,luglio,B_MESE
Frase1,dalle,O
Frase1,dodici,B_ORA-INIZ
Frase1,di,O
Frase1,pomeriggio,O
Frase1,Puoi,O
Frase1,fissare,O
Frase1,un,O
Frase1,incontro,O
Frase1,per,O
Frase1,il,B_NOME-MEETING
Frase1,team,I_NOME-MEETING
Frase1,di,I_NOME-MEETING
Frase1,comunicazione,I_NOME-MEETING
Frase1,interna,I_NOME-MEETING
Frase1,con,O
Frase1,questa,O
Frase1,descrizione,O
Frase1,strategie,B_DESCR
Frase1,di,I_DESCR
Frase1,collaborazione,I_DESCR
Frase1,il,O
Frase1,ventiquattro,B_GIORNO
Frase1,giugno,B_MESE
Frase1,dalle,O
Frase1,tredici,B_ORA-INIZ
Frase1,Programma,O
Frase1,una,O
Frase1,riunione,O
Frase1,con,O
Frase1,il,B_NOME-MEETING
Frase1,team,I_NOME-MEETING
Frase1,di,I_NOME-MEETING
Frase1,produzione,I_NOME-MEETING
Frase1,per,O
Frase1,discutere,B_DESCR
Frase1,delle,I_DESCR
Frase1,nuove,I_DESCR
Frase1,iniziative,I_DESCR
Frase1,di,I_DESCR
Frase1,ottimizzazione,I_DESCR
Frase1,il,O
Frase1,ventinove,B_GIORNO
Frase1,maggio,B_MESE
Frase1,dalle,O
Frase1,quindici,B_ORA-INIZ
Frase1,Puoi,O
Frase1,fissare,O
Frase1,un,O
Frase1,incontro,O
Frase1,per,O
Frase1,il,B_NOME-MEETING
Frase1,team,I_NOME-MEETING
Frase1,di,I_NOME-MEETING
Frase1,comunicazione,I_NOME-MEETING
Frase1,interna,I_NOME-MEETING
Frase1,con,O
Frase1,questa,O
Frase1,descrizione,O
Frase1,strategie,B_DESCR
Frase1,di,I_DESCR
Frase1,collaborazione,I_DESCR
Frase1,il,O
Frase1,trenta,B_GIORNO
Frase1,aprile,B_MESE
Frase1,dalle,O
Frase1,dieci,B_ORA-INIZ
Frase1,Muxi,O
Frase1,crea,O
Frase1,una,O
Frase1,riunione,O
Frase1,per,O
Frase1,il,B_NOME-MEETING
Frase1,team,I_NOME-MEETING
Frase1,di,I_NOME-MEETING
Frase1,produzione,I_NOME-MEETING
Frase1,per,O
Frase1,discutere,B_DESCR
Frase1,delle,I_DESCR
Frase1,nuove,I_DESCR
Frase1,iniziative,I_DESCR
Frase1,di,I_DESCR
Frase1,ottimizzazione,I_DESCR
Frase1,il,O
Frase1,trentuno,B_GIORNO
Frase1,marzo,B_MESE
Frase1,dalle,O
Frase1,sedici,B_ORA-INIZ
Frase1,Programma,O
Frase1,una,O
Frase1,riunione,O
Frase1,con,O
Frase1,il,B_NOME-MEETING
Frase1,team,I_NOME-MEETING
Frase1,di,I_NOME-MEETING
Frase1,sviluppo,I_NOME-MEETING
Frase1,con,O
Frase1,questa,O
Frase1,descrizione,O
Frase1,discutere,B_DESCR
Frase1,delle,I_DESCR
Frase1,nuove,I_DESCR
Frase1,funzionalita ,I_DESCR
Frase1,del,I_DESCR
Frase1,software,I_DESCR
Frase1,il,O
Frase1,ventisette,B_GIORNO
Frase1,febbraio,B_MESE
Frase1,dalle,O
Frase1,diciassette,B_ORA-INIZ
Frase1,Puoi,O
Frase1,fissare,O
Frase1,un,O
Frase1,incontro,B_NOME-MEETING
Frase1,per,O
Frase1,il,B_NOME-MEETING
Frase1,team,I_NOME-MEETING
Frase1,di,I_NOME-MEETING
Frase1,supporto,I_NOME-MEETING
Frase1,tecnico,I_NOME-MEETING
Frase1,il,O
Frase1,ventotto,B_GIORNO
Frase1,gennaio,B_MESE
Frase1,dalle,O
Frase1,diciotto,B_ORA-INIZ
Frase1,Muxi,O
Frase1,crea,O
Frase1,un,O
Frase1,meeting,O
Frase1,per,O
Frase1,il,O
Frase1,team,B_NOME-MEETING
Frase1,di,I_NOME-MEETING
Frase1,marketing,I_NOME-MEETING
Frase1,per,B_DESCR
Frase1,definire,I_DESCR
Frase1,le,I_DESCR
Frase1,strategie,I_DESCR
Frase1,di,I_DESCR
Frase1,comunicazione,I_DESCR
Frase1,il,O
Frase1,venticinque,B_GIORNO
Frase1,febbraio,B_MESE
Frase1,dalle,O
Frase1,diciannove,B_ORA-INIZ
Frase1,Puoi,O
Frase1,fissare,O
Frase1,un,O
Frase1,incontro,O
Frase1,per,O
Frase1,il,B_NOME-MEETING
Frase1,team,I_NOME-MEETING
Frase1,di,I_NOME-MEETING
Frase1,comunicazione,I_NOME-MEETING
Frase1,interna,I_NOME-MEETING
Frase1,per,O
Frase1,discutere,O
Frase1,delle,O
Frase1,strategie,B_DESCR
Frase1,di,I_DESCR
Frase1,collaborazione,I_DESCR
Frase1,il,O
Frase1,ventisei,B_GIORNO
Frase1,marzo,B_MESE
Frase1,dalle,O
Frase1,venti,B_ORA-INIZ
Frase1,Programma,O
Frase1,una,O
Frase1,riunione,O
Frase1,con,O
Frase1,il,B_NOME-MEETING
Frase1,team,I_NOME-MEETING
Frase1,di,I_NOME-MEETING
Frase1,sviluppo,I_NOME-MEETING
Frase1,con,O
Frase1,questa,O
Frase1,descrizione,O
Frase1,discutere,B_DESCR
Frase1,delle,I_DESCR
Frase1,nuove,I_DESCR
Frase1,funzionalita ,I_DESCR
Frase1,del,I_DESCR
Frase1,software,I_DESCR
Frase1,il,O
Frase1,dodici,B_GIORNO
Frase1,aprile,B_MESE
Frase1,dalle,O
Frase1,ventidue,B_ORA-INIZ
Frase1,Puoi,O
Frase1,fissare,O
Frase1,un,O
Frase1,incontro,O
Frase1,per,O
Frase1,il,B_NOME-MEETING
Frase1,team,I_NOME-MEETING
Frase1,di,I_NOME-MEETING
Frase1,comunicazione,I_NOME-MEETING
Frase1,interna,I_NOME-MEETING
Frase1,per,O
Frase1,discutere,O
Frase1,delle,O
Frase1,strategie,B_DESCR
Frase1,cinque,I_DESCR
Frase1,di,I_DESCR
Frase1,collaborazione,I_DESCR
Frase1,il,O
Frase1,cinque,B_GIORNO
Frase1,dalle,O
Frase1,ventitre,B_ORA-INIZ
Frase1,Muxi,O
Frase1,crea,O
Frase1,una,O
Frase1,riunione,O
Frase1,per,O
Frase1,il,B_NOME-MEETING
Frase1,team,I_NOME-MEETING
Frase1,di,I_NOME-MEETING
Frase1,produzione,I_NOME-MEETING
Frase1,per,O
Frase1,discutere,B_DESCR
Frase1,delle,I_DESCR
Frase1,nuove,I_DESCR
Frase1,iniziative,I_DESCR
Frase1,di,I_DESCR
Frase1,ottimizzazione,I_DESCR
Frase1,il,O
Frase1,due,B_GIORNO
Frase1,maggio,B_MESE
Frase1,dalle,O
Frase1,ventiquattro,B_ORA-INIZ
Frase1,Programma,O
Frase1,un,O
Frase1,incontro,B_NOME-MEETING
Frase1,con,I_NOME-MEETING
Frase1,il,I_NOME-MEETING
Frase1,team,I_NOME-MEETING
Frase1,di,I_NOME-MEETING
Frase1,marketing,I_NOME-MEETING
Frase1,con,O
Frase1,questa,O
Frase1,descrizione,O
Frase1,definire,B_DESCR
Frase1,le,I_DESCR
Frase1,strategie,I_DESCR
Frase1,di,I_DESCR
Frase1,comunicazione,I_DESCR
Frase1,il,O
Frase1,quindici,B_GIORNO
Frase1,giugno,B_MESE
Frase1,dalle,O
Frase1,uno,B_ORA-INIZ
Frase1,Puoi,O
Frase1,fissare,O
Frase1,un,O
Frase1,incontro,O
Frase1,per,O
Frase1,il,B_NOME-MEETING
Frase1,team,I_NOME-MEETING
Frase1,di,I_NOME-MEETING
Frase1,supporto,I_NOME-MEETING
Frase1,tecnico,I_NOME-MEETING
Frase1,il,O
Frase1,sette,B_GIORNO
Frase1,luglio,B_MESE
Frase1,dalle,O
Frase1,due,B_ORA-INIZ
Frase1,Muxi,O
Frase1,crea,O
Frase1,un,O
Frase1,meeting,O
Frase1,per,O
Frase1,il,O
Frase1,team,B_NOME-MEETING
Frase1,di,I_NOME-MEETING
Frase1,marketing,I_NOME-MEETING
Frase1,per,B_DESCR
Frase1,definire,I_DESCR
Frase1,le,I_DESCR
Frase1,strategie,I_DESCR
Frase1,di,I_DESCR
Frase1,comunicazione,I_DESCR
Frase1,il,O
Frase1,tre,B_GIORNO
Frase1,agosto,B_MESE
Frase1,dalle,O
Frase1,nove,B_ORA-INIZ
Frase1,Puoi,O
Frase1,fissare,O
Frase1,un,O
Frase1,incontro,O
Frase1,per,O
Frase1,il,B_NOME-MEETING
Frase1,team,I_NOME-MEETING
Frase1,di,I_NOME-MEETING
Frase1,comunicazione,I_NOME-MEETING
Frase1,interna,I_NOME-MEETING
Frase1,con,O
Frase1,questa,O
Frase1,descrizione,O
Frase1,strategie,B_DESCR
Frase1,di,I_DESCR
Frase1,collaborazione,I_DESCR
Frase1,il,O
Frase1,quattro,B_GIORNO
Frase1,settembre,B_MESE
Frase1,dalle,O
Frase1,cinque,B_ORA-INIZ
Frase1,Programma,O
Frase1,una,O
Frase1,riunione,O
Frase1,con,O
Frase1,il,B_NOME-MEETING
Frase1,team,I_NOME-MEETING
Frase1,di,I_NOME-MEETING
Frase1,produzione,I_NOME-MEETING
Frase1,per,O
Frase1,discutere,B_DESCR
Frase1,delle,I_DESCR
Frase1,nuove,I_DESCR
Frase1,iniziative,I_DESCR
Frase1,di,I_DESCR
Frase1,ottimizzazione,I_DESCR
Frase1,il,O
Frase1,diciotto,B_GIORNO
Frase1,ottobre,B_MESE
Frase1,dalle,O
Frase1,tre,B_ORA-INIZ
Frase1,Puoi,O
Frase1,fissare,O
Frase1,un,O
Frase1,incontro,O
Frase1,per,O
Frase1,il,B_NOME-MEETING
Frase1,team,I_NOME-MEETING
Frase1,di,I_NOME-MEETING
Frase1,comunicazione,I_NOME-MEETING
Frase1,interna,I_NOME-MEETING
Frase1,per,O
Frase1,discutere,O
Frase1,delle,O
Frase1,strategie,B_DESCR
Frase1,cinque,I_DESCR
Frase1,di,I_DESCR
Frase1,collaborazione,I_DESCR
Frase1,il,O
Frase1,sei,B_GIORNO
Frase1,dalle,O
Frase1,quattro,B_ORA-INIZ
Frase1,Muxi,O
Frase1,crea,O
Frase1,una,O
Frase1,riunione,O
Frase1,per,O
Frase1,il,B_NOME-MEETING
Frase1,team,I_NOME-MEETING
Frase1,di,I_NOME-MEETING
Frase1,produzione,I_NOME-MEETING
Frase1,per,O
Frase1,discutere,B_DESCR
Frase1,delle,I_DESCR
Frase1,nuove,I_DESCR
Frase1,iniziative,I_DESCR
Frase1,di,I_DESCR
Frase1,ottimizzazione,I_DESCR
Frase1,l,O
Frase1,otto,B_GIORNO
Frase1,novembre,B_MESE
Frase1,dalle,O
Frase1,sei,B_ORA-INIZ
Frase1,Programma,O
Frase1,un,O
Frase1,incontro,B_NOME-MEETING
Frase1,con,I_NOME-MEETING
Frase1,il,I_NOME-MEETING
Frase1,team,I_NOME-MEETING
Frase1,di,I_NOME-MEETING
Frase1,marketing,I_NOME-MEETING
Frase1,per,O
Frase1,definire,B_DESCR
Frase1,le,I_DESCR
Frase1,strategie,I_DESCR
Frase1,di,I_DESCR
Frase1,comunicazione,I_DESCR
Frase1,il,O
Frase1,nove,B_GIORNO
Frase1,dicembre,B_MESE
Frase1,dalle,O
Frase1,sette,B_ORA-INIZ
Frase1,Puoi,O
Frase1,fissare,O
Frase1,un,O
Frase1,incontro,O
Frase1,per,O
Frase1,il,B_NOME-MEETING
Frase1,team,I_NOME-MEETING
Frase1,di,I_NOME-MEETING
Frase1,supporto,I_NOME-MEETING
Frase1,tecnico,I_NOME-MEETING
Frase1,il,O
Frase1,dieci,B_GIORNO
Frase1,gennaio,B_MESE
Frase1,dalle,O
Frase1,otto,B_ORA-INIZ
Frase1,Muxi,O
Frase1,crea,O
Frase1,un,O
Frase1,meeting,O
Frase1,per,O
Frase1,il,O
Frase1,team,B_NOME-MEETING
Frase1,di,I_NOME-MEETING
Frase1,marketing,I_NOME-MEETING
Frase1,per,B_DESCR
Frase1,definire,I_DESCR
Frase1,le,I_DESCR
Frase1,strategie,I_DESCR
Frase1,di,I_DESCR
Frase1,comunicazione,I_DESCR
Frase1,l,O
Frase1,undici,B_GIORNO
Frase1,ottobre,B_MESE
Frase1,dalle,O
Frase1,nove,B_ORA-INIZ
Frase1,Puoi,O
Frase1,fissare,O
Frase1,un,O
Frase1,incontro,O
Frase1,per,O
Frase1,il,B_NOME-MEETING
Frase1,team,I_NOME-MEETING
Frase1,di,I_NOME-MEETING
Frase1,comunicazione,I_NOME-MEETING
Frase1,interna,I_NOME-MEETING
Frase1,per,O
Frase1,discutere,O
Frase1,delle,O
Frase1,strategie,B_DESCR
Frase1,cinque,I_DESCR
Frase1,di,I_DESCR
Frase1,collaborazione,I_DESCR
Frase1,il,O
Frase1,tredici,B_GIORNO
Frase1,dalle,O
Frase1,dieci,B_ORA-INIZ
Frase1,Muxi,O
Frase1,crea,O
Frase1,una,O
Frase1,riunione,O
Frase1,per,O
Frase1,il,B_NOME-MEETING
Frase1,team,I_NOME-MEETING
Frase1,di,I_NOME-MEETING
Frase1,produzione,I_NOME-MEETING
Frase1,per,O
Frase1,discutere,B_DESCR
Frase1,delle,I_DESCR
Frase1,nuove,I_DESCR
Frase1,iniziative,I_DESCR
Frase1,di,I_DESCR
Frase1,ottimizzazione,I_DESCR
Frase1,il,O
Frase1,quattordici,B_GIORNO
Frase1,settembre,B_MESE
Frase1,dalle,O
Frase1,undici,B_ORA-INIZ
Frase1,Programma,O
Frase1,una,O
Frase1,riunione,O
Frase1,chiamato,O
Frase1,Guidare,B_NOME-MEETING
Frase1,il,I_NOME-MEETING
Frase1,Cambiamento,I_NOME-MEETING
Frase1,aziendale,I_NOME-MEETING
Frase1,per,O
Frase1,definire,B_DESCR
Frase1,le,I_DESCR
Frase1,strategie,I_DESCR
Frase1,di,I_DESCR
Frase1,comunicazione,I_DESCR
Frase1,il,O
Frase1,sedici,B_GIORNO
Frase1,dicembre,B_MESE
Frase1,dalle,O
Frase1,dodici,B_ORA-INIZ
Frase1,Puoi,O
Frase1,organizzare,O
Frase1,un,O
Frase1,meeting,O
Frase1,con,O
Frase1,SostenibilitÃ ,B_NOME-MEETING
Frase1,Ambientale,I_NOME-MEETING
Frase1,e,I_NOME-MEETING
Frase1,Impatto,I_NOME-MEETING
Frase1,Positivo,I_NOME-MEETING
Frase1,per,O
Frase1,discutere,B_DESCR
Frase1,le,I_DESCR
Frase1,proposte,I_DESCR
Frase1,innovative,I_DESCR
Frase1,il,O
Frase1,diciassette,B_GIORNO
Frase1,novembre,B_MESE
Frase1,dalle,O
Frase1,tredici,B_ORA-INIZ
Frase1,Programma,O
Frase1,un,O
Frase1,incontro,O
Frase1,con,O
Frase1,Cultura,B_NOME-MEETING
Frase1,Collaborativa,I_NOME-MEETING
Frase1,e,I_NOME-MEETING
Frase1,Innovativa,I_NOME-MEETING
Frase1,per,O
Frase1,discutere,B_DESCR
Frase1,delle,I_DESCR
Frase1,migliorie,I_DESCR
Frase1,da,I_DESCR
Frase1,apportare,I_DESCR
Frase1,il,O
Frase1,diciannove,B_GIORNO
Frase1,giugno,B_MESE
Frase1,dalle,O
Frase1,quattordici,B_ORA-INIZ
Frase1,Puoi,O
Frase1,organizzare,O
Frase1,un,O
Frase1,meeting,O
Frase1,con,O
Frase1,Strategie,B_NOME-MEETING
Frase1,per,I_NOME-MEETING
Frase1,una,I_NOME-MEETING
Frase1,Crescita,I_NOME-MEETING
Frase1,Sostenibile,I_NOME-MEETING
Frase1,il,O
Frase1,venti,B_GIORNO
Frase1,luglio,B_MESE
Frase1,dalle,O
Frase1,quindici,B_ORA-INIZ
Frase1,Muxi,O
Frase1,crea,O
Frase1,una,O
Frase1,riunione,O
Frase1,per,O
Frase1,Innovazione,B_NOME-MEETING
Frase1,Tecnologica,I_NOME-MEETING
Frase1,per,I_NOME-MEETING
Frase1,l'Eccellenza,I_NOME-MEETING
Frase1,per,O
Frase1,discutere,B_DESCR
Frase1,le,I_DESCR
Frase1,soluzioni,I_DESCR
Frase1,creative,I_DESCR
Frase1,il,O
Frase1,ventuno,B_GIORNO
Frase1,agosto,B_MESE
Frase1,dalle,O
Frase1,sedici,B_ORA-INIZ
Frase1,Programma,O
Frase1,un,O
Frase1,incontro,O
Frase1,nominato,O
Frase1,Leadership,B_NOME-MEETING
Frase1,Empatica,I_NOME-MEETING
Frase1,e,I_NOME-MEETING
Frase1,Resiliente,I_NOME-MEETING
Frase1,per,O
Frase1,definire,B_DESCR
Frase1,le,I_DESCR
Frase1,strategie,I_DESCR
Frase1,promozionali,I_DESCR
Frase1,il,O
Frase1,ventidue,B_GIORNO
Frase1,maggio,B_MESE
Frase1,dalle,O
Frase1,diciassette,B_ORA-INIZ
Frase1,Puoi,O
Frase1,prenotare,O
Frase1,un,O
Frase1,incontro,O
Frase1,nominato,O
Frase1,Ottimizzazione,B_NOME-MEETING
Frase1,dei,I_NOME-MEETING
Frase1,Processi,I_NOME-MEETING
Frase1,Organizzativi,I_NOME-MEETING
Frase1,per,O
Frase1,discutere,B_DESCR
Frase1,le,I_DESCR
Frase1,nuove,I_DESCR
Frase1,funzionalita,I_DESCR
Frase1,il,O
Frase1,ventitre,B_GIORNO
Frase1,aprile,B_MESE
Frase1,dalle,O
Frase1,diciotto,B_ORA-INIZ
Frase1,Muxi,O
Frase1,crea,O
Frase1,una,O
Frase1,riunione,O
Frase1,per,O
Frase1,Esperienza,B_NOME-MEETING
Frase1,Cliente,I_NOME-MEETING
Frase1,Personalizzata,I_NOME-MEETING
Frase1,per,O
Frase1,discutere,B_DESCR
Frase1,delle,I_DESCR
Frase1,idee,I_DESCR
Frase1,innovative,I_DESCR
Frase1,il,O
Frase1,ventiquattro,B_GIORNO
Frase1,marzo,B_MESE
Frase1,dalle,O
Frase1,diciannove,B_ORA-INIZ
Frase1,Programma,O
Frase1,una,O
Frase1,riunione,O
Frase1,nominato,O
Frase1,Leadership,B_NOME-MEETING
Frase1,Trasformativa,I_NOME-MEETING
Frase1,e,I_NOME-MEETING
Frase1,Ispiratrice,I_NOME-MEETING
Frase1,per,O
Frase1,definire,B_DESCR
Frase1,le,I_DESCR
Frase1,strategie,I_DESCR
Frase1,di,I_DESCR
Frase1,comunicazione,I_DESCR
Frase1,il,O
Frase1,ventinove,B_GIORNO
Frase1,febbraio,B_MESE
Frase1,dalle,O
Frase1,venti,B_ORA-INIZ
Frase1,Puoi,O
Frase1,prenotare,O
Frase1,un,O
Frase1,meeting,O
Frase1,nominato,O
Frase1,SostenibilitÃ ,B_NOME-MEETING
Frase1,e,I_NOME-MEETING
Frase1,ResponsabilitÃ ,I_NOME-MEETING
Frase1,Sociale,I_NOME-MEETING
Frase1,per,O
Frase1,discutere,B_DESCR
Frase1,delle,I_DESCR
Frase1,nuove,I_DESCR
Frase1,implementazioni,I_DESCR
Frase1,il,O
Frase1,trenta,B_GIORNO
Frase1,gennaio,B_MESE
Frase1,dalle,O
Frase1,ventuno,B_ORA-INIZ
Frase1,Muxi,O
Frase1,crea,O
Frase1,una,O
Frase1,riunione,O
Frase1,per,O
Frase1,Strategie,B_NOME-MEETING
Frase1,per,I_NOME-MEETING
Frase1,marketing,I_NOME-MEETING
Frase1,per,O
Frase1,discutere,B_DESCR
Frase1,delle,I_DESCR
Frase1,soluzioni,I_DESCR
Frase1,innovative,I_DESCR
Frase1,il,O
Frase1,trentuno,B_GIORNO
Frase1,gennaio,B_MESE
Frase1,dalle,O
Frase1,ventidue,B_ORA-INIZ
Frase1,Puoi,O
Frase1,organizzare,O
Frase1,un,O
Frase1,meeting,O
Frase1,nominato,O
Frase1,Innovazione,B_NOME-MEETING
Frase1,per,I_NOME-MEETING
Frase1,il,I_NOME-MEETING
Frase1,Successo,I_NOME-MEETING
Frase1,il,O
Frase1,trenta,B_GIORNO
Frase1,febbraio,B_MESE
Frase1,dalle,O
Frase1,ventitre,B_ORA-INIZ
Frase1,Muxi,O
Frase1,crea,O
Frase1,una,O
Frase1,riunione,O
Frase1,per,O
Frase1,Costruire,B_NOME-MEETING
Frase1,una,I_NOME-MEETING
Frase1,Cultura,I_NOME-MEETING
Frase1,Inclusiva,I_NOME-MEETING
Frase1,per,O
Frase1,discutere,B_DESCR
Frase1,delle,I_DESCR
Frase1,proposte,I_DESCR
Frase1,strategiche,I_DESCR
Frase1,il,O
Frase1,ventotto,B_GIORNO
Frase1,marzo,B_MESE
Frase1,dalle,O
Frase1,ventiquattro,B_ORA-INIZ
Frase1,Programma,O
Frase1,una,O
Frase1,riunione,O
Frase1,nominato,O
Frase1,il,B_NOME-MEETING
Frase1,di,I_NOME-MEETING
Frase1,marketing,I_NOME-MEETING
Frase1,per,O
Frase1,definire,B_DESCR
Frase1,le,I_DESCR
Frase1,strategie,I_DESCR
Frase1,di,I_DESCR
Frase1,promozione,I_DESCR
Frase1,il,O
Frase1,ventiquattro,B_GIORNO
Frase1,aprile,B_MESE
Frase1,dalle,O
Frase1,uno,B_ORA-INIZ
Frase1,Organizza,O
Frase1,un,O
Frase1,incontro,O
Frase1,nominato,O
Frase1,i,B_NOME-MEETING
Frase1,membri,I_NOME-MEETING
Frase1,del,I_NOME-MEETING
Frase1,comitato,I_NOME-MEETING
Frase1,per,O
Frase1,discutere,B_DESCR
Frase1,le,I_DESCR
Frase1,strategie,I_DESCR
Frase1,di,I_DESCR
Frase1,collaborazione,I_DESCR
Frase1,il,O
Frase1,tredici,B_GIORNO
Frase1,maggio,B_MESE
Frase1,dalle,O
Frase1,dieci,B_ORA-INIZ
Frase1,Programma,O
Frase1,una,O
Frase1,riunione,O
Frase1,nominato,O
Frase1,i,B_NOME-MEETING
Frase1,partecipanti,I_NOME-MEETING
Frase1,del,I_NOME-MEETING
Frase1,corso,I_NOME-MEETING
Frase1,per,O
Frase1,discutere,B_DESCR
Frase1,le,I_DESCR
Frase1,attivita ,I_DESCR
Frase1,di,I_DESCR
Frase1,apprendimento,I_DESCR
Frase1,il,O
Frase1,primo,B_GIORNO
Frase1,giugno,B_MESE
Frase1,dalle,O
Frase1,quattordici,B_ORA-INIZ
Frase1,Organizza,O
Frase1,un,O
Frase1,incontro,O
Frase1,nominato,O
Frase1,i,B_NOME-MEETING
Frase1,referenti,I_NOME-MEETING
Frase1,delle,I_NOME-MEETING
Frase1,filiali,I_NOME-MEETING
Frase1,per,O
Frase1,discutere,B_DESCR
Frase1,le,I_DESCR
Frase1,migliorie,I_DESCR
Frase1,da,I_DESCR
Frase1,implementare,I_DESCR
Frase1,l,O
Frase1,uno,B_GIORNO
Frase1,luglio,B_MESE
Frase1,dalle,O
Frase1,nove,B_ORA-INIZ
Frase1,Crea,O
Frase1,un,O
Frase1,meeting,O
Frase1,nominato,O
Frase1,gli,B_NOME-MEETING
Frase1,investitori,I_NOME-MEETING
Frase1,per,O
Frase1,discutere,B_DESCR
Frase1,le,I_DESCR
Frase1,opportunita ,I_DESCR
Frase1,di,I_DESCR
Frase1,investimento,I_DESCR
Frase1,il,O
Frase1,venticinque,B_GIORNO
Frase1,agosto,B_MESE
Frase1,dalle,O
Frase1,quindici,B_ORA-INIZ
Frase1,Organizza,O
Frase1,un,O
Frase1,incontro,O
Frase1,nominato,O
Frase1,i,B_NOME-MEETING
Frase1,partner,I_NOME-MEETING
Frase1,commerciali,I_NOME-MEETING
Frase1,per,O
Frase1,discutere,B_DESCR
Frase1,le,I_DESCR
Frase1,strategie,I_DESCR
Frase1,di,I_DESCR
Frase1,marketing,I_DESCR
Frase1,il,O
Frase1,ventotto,B_GIORNO
Frase1,settembre,B_MESE
Frase1,dalle,O
Frase1,diciotto,B_ORA-INIZ
Frase1,Crea,O
Frase1,un,O
Frase1,meeting,O
Frase1,nominato,O
Frase1,i,B_NOME-MEETING
Frase1,membri,I_NOME-MEETING
Frase1,del,I_NOME-MEETING
Frase1,consiglio,I_NOME-MEETING
Frase1,per,O
Frase1,discutere,B_DESCR
Frase1,le,I_DESCR
Frase1,politiche,I_DESCR
Frase1,aziendali,I_DESCR
Frase1,il,O
Frase1,quttro,B_GIORNO
Frase1,ottobre,B_MESE
Frase1,dalle,O
Frase1,due,B_ORA-INIZ
Frase1,Pianifica,O
Frase1,un,O
Frase1,incontro,O
Frase1,nominato,O
Frase1,i,B_NOME-MEETING
Frase1,partecipanti,I_NOME-MEETING
Frase1,del,I_NOME-MEETING
Frase1,seminario,I_NOME-MEETING
Frase1,per,O
Frase1,discutere,B_DESCR
Frase1,le,I_DESCR
Frase1,ultime,I_DESCR
Frase1,tendenze,I_DESCR
Frase1,nel,I_DESCR
Frase1,settore,I_DESCR
Frase1,il,O
Frase1,sette,B_GIORNO
Frase1,novembre,B_MESE
Frase1,dalle,O
Frase1,tre,B_ORA-INIZ
Frase1,Organizza,O
Frase1,un,O
Frase1,meeting,O
Frase1,nominato,O
Frase1,i,B_NOME-MEETING
Frase1,membri,I_NOME-MEETING
Frase1,del,I_NOME-MEETING
Frase1,consiglio,I_NOME-MEETING
Frase1,per,O
Frase1,discutere,B_DESCR
Frase1,le,I_DESCR
Frase1,sfide,I_DESCR
Frase1,strategiche,I_DESCR
Frase1,che,I_DESCR
Frase1,l'azienda,I_DESCR
Frase1,affronta,I_DESCR
Frase1,il,O
Frase1,ventidue,B_GIORNO
Frase1,dicembre,B_MESE
Frase1,dalle,O
Frase1,quattro,B_ORA-INIZ
Frase1,Pianifica,O
Frase1,un,O
Frase1,incontro,O
Frase1,nominato,O
Frase1,i,B_NOME-MEETING
Frase1,referenti,I_NOME-MEETING
Frase1,delle,I_NOME-MEETING
Frase1,filiali,I_NOME-MEETING
Frase1,per,O
Frase1,discutere,B_DESCR
Frase1,le,I_DESCR
Frase1,strategie,I_DESCR
Frase1,di,I_DESCR
Frase1,espansione,I_DESCR
Frase1,il,O
Frase1,sei,B_GIORNO
Frase1,dicembre,B_MESE
Frase1,dalle,O
Frase1,cinque,B_ORA-INIZ
Frase1,Crea,O
Frase1,un,O
Frase1,meeting,O
Frase1,chiamato,O
Frase1,i,B_NOME-MEETING
Frase1,clienti,I_NOME-MEETING
Frase1,del,I_NOME-MEETING
Frase1,segmento,I_NOME-MEETING
Frase1,per,O
Frase1,discutere,B_DESCR
Frase1,le,I_DESCR
Frase1,opportunita ,I_DESCR
Frase1,di,I_DESCR
Frase1,collaborazione,I_DESCR
Frase1,il,O
Frase1,ventinove,B_GIORNO
Frase1,ottobre,B_MESE
Frase1,dalle,O
Frase1,sei,B_ORA-INIZ
Frase1,Organizza,O
Frase1,un,O
Frase1,incontro,O
Frase1,chiamato,O
Frase1,i,B_NOME-MEETING
Frase1,partner,I_NOME-MEETING
Frase1,commerciali,I_NOME-MEETING
Frase1,per,O
Frase1,discutere,B_DESCR
Frase1,le,I_DESCR
Frase1,strategie,I_DESCR
Frase1,di,I_DESCR
Frase1,marketing,I_DESCR
Frase1,il,O
Frase1,due,B_GIORNO
Frase1,gennaio,B_MESE
Frase1,dalle,O
Frase1,sette,B_ORA-INIZ
Frase1,Crea,O
Frase1,un,O
Frase1,meeting,O
Frase1,chiamato,O
Frase1,i,B_NOME-MEETING
Frase1,colleghi,I_NOME-MEETING
Frase1,del,I_NOME-MEETING
Frase1,reparto,I_NOME-MEETING
Frase1,per,O
Frase1,discutere,B_DESCR
Frase1,le,I_DESCR
Frase1,migliorie,I_DESCR
Frase1,da,I_DESCR
Frase1,apportare,I_DESCR
Frase1,il,O
Frase1,trenta,B_GIORNO
Frase1,settembre,B_MESE
Frase1,dalle,O
Frase1,dieci,B_ORA-INIZ
Frase1,Organizza,O
Frase1,un,O
Frase1,incontro,O
Frase1,chiamato,O
Frase1,i,B_NOME-MEETING
Frase1,membri,I_NOME-MEETING
Frase1,del,I_NOME-MEETING
Frase1,comitato,I_NOME-MEETING
Frase1,per,O
Frase1,discutere,O
Frase1,le,O
Frase1,strategie,O
Frase1,di,O
Frase1,marketing,B_DESCR
Frase1,il,O
Frase1,tredici,B_GIORNO
Frase1,novembre,B_MESE
Frase1,dalle,O
Frase1,otto,B_ORA-INIZ
Frase1,Crea,O
Frase1,un,O
Frase1,meeting,O
Frase1,chiamato,O
Frase1,gli,B_NOME-MEETING
Frase1,investitori,I_NOME-MEETING
Frase1,per,O
Frase1,discutere,O
Frase1,le,O
Frase1,opportunita ,O
Frase1,di,O
Frase1,collaborazione,B_DESCR
Frase1,il,O
Frase1,sette,B_GIORNO
Frase1,agosto,B_MESE
Frase1,dalle,O
Frase1,nove,B_ORA-INIZ
Frase1,Pianifica,O
Frase1,un,O
Frase1,incontro,O
Frase1,chiamato,O
Frase1,i,B_NOME-MEETING
Frase1,clienti,I_NOME-MEETING
Frase1,del,I_NOME-MEETING
Frase1,segmento,I_NOME-MEETING
Frase1,per,O
Frase1,discutere,O
Frase1,le,O
Frase1,ultime,O
Frase1,tendenze,B_DESCR
Frase1,nel,I_DESCR
Frase1,settore,I_DESCR
Frase1,l,O
Frase1,undici,B_GIORNO
Frase1,marzo,B_MESE
Frase1,dalle,O
Frase1,dieci,B_ORA-INIZ
Frase1,Programma,O
Frase1,una,O
Frase1,riunione,O
Frase1,chiamato,O
Frase1,i,B_NOME-MEETING
Frase1,colleghi,I_NOME-MEETING
Frase1,del,I_NOME-MEETING
Frase1,reparto,I_NOME-MEETING
Frase1,per,O
Frase1,discutere,O
Frase1,le,O
Frase1,migliorie,B_DESCR
Frase1,da,I_DESCR
Frase1,implementare,I_DESCR
Frase1,il,O
Frase1,tre,B_GIORNO
Frase1,maggio,B_MESE
Frase1,dalle,O
Frase1,undici,B_ORA-INIZ
Frase1,incontro,O
Frase1,chiamato,O
Frase1,i,B_NOME-MEETING
Frase1,referenti,I_NOME-MEETING
Frase1,delle,I_NOME-MEETING
Frase1,filiali,I_NOME-MEETING
Frase1,per,O
Frase1,discutere,O
Frase1,le,O
Frase1,sfide,B_DESCR
Frase1,strategiche,I_DESCR
Frase1,che,I_DESCR
Frase1,l'azienda,I_DESCR
Frase1,affronta,I_DESCR
Frase1,l,O
Frase1,otto,B_GIORNO
Frase1,aprile,B_MESE
Frase1,dalle,O
Frase1,venti,B_ORA-INIZ
Frase1,Crea,O
Frase1,un,O
Frase1,i,B_NOME-MEETING
Frase1,membri,I_NOME-MEETING
Frase1,del,I_NOME-MEETING
Frase1,consiglio,I_NOME-MEETING
Frase1,per,O
Frase1,discutere,O
Frase1,le,O
Frase1,idee,B_DESCR
Frase1,innovative,I_DESCR
Frase1,il,O
Frase1,dieci,B_GIORNO
Frase1,giugno,B_MESE
Frase1,dalle,O
Frase1,ventidue,B_ORA-INIZ
Frase1,Pianifica,O
Frase1,un,O
Frase1,incontro,O
Frase1,chiamato,O
Frase1,commerciali,I_NOME-MEETING
Frase1,per,O
Frase1,discutere,O
Frase1,le,O
Frase1,strategie,B_DESCR
Frase1,di,I_DESCR
Frase1,espansione,I_DESCR
Frase1,il,O
Frase1,diciotto,B_GIORNO
Frase1,maggio,B_MESE
Frase1,dalle,O
Frase1,ventitre,B_ORA-INIZ
Frase1,Programma,O
Frase1,un,O
Frase1,meeting,O
Frase1,chiamato,O
Frase1,i,B_NOME-MEETING
Frase1,partecipanti,I_NOME-MEETING
Frase1,per,O
Frase1,discutere,O
Frase1,le,O
Frase1,nuove,B_DESCR
Frase1,strategie,I_DESCR
Frase1,didattiche,I_DESCR
Frase1,il,O
Frase1,diciassette,B_GIORNO
Frase1,dicembre,B_MESE
Frase1,dalle,O
Frase1,sette,B_ORA-INIZ
Frase1,Organizza,O
Frase1,un,O
Frase1,incontro,O
Frase1,chiamato,O
Frase1,i,B_NOME-MEETING
Frase1,colleghi,I_NOME-MEETING
Frase1,del,I_NOME-MEETING
Frase1,reparto,I_NOME-MEETING
Frase1,le,O
Frase1,proposte,B_DESCR
Frase1,di,I_DESCR
Frase1,crescita,I_DESCR
Frase1,professionale,I_DESCR
Frase1,il,O
Frase1,venticinque,B_GIORNO
Frase1,gennaio,B_MESE
Frase1,dalle,O
Frase1,tredici,B_ORA-INIZ
Frase1,Crea,O
Frase1,un,O
Frase1,meeting,O
Frase1,chiamato,O
Frase1,i,B_NOME-MEETING
Frase1,membri,I_NOME-MEETING
Frase1,del,I_NOME-MEETING
Frase1,comitato,I_NOME-MEETING
Frase1,per,O
Frase1,discutere,O
Frase1,iniziative,B_DESCR
Frase1,il,O
Frase1,tre,B_GIORNO
Frase1,febbraio,B_MESE
Frase1,dalle,O
Frase1,diciassette,B_ORA-INIZ
Frase1,Pianifica,O
Frase1,un,O
Frase1,incontro,O
Frase1,con,O
Frase1,gli,O
Frase1,investitori,B_NOME-MEETING
Frase1,per,O
Frase1,discutere,O
Frase1,le,O
Frase1,strategie,B_DESCR
Frase1,di,I_DESCR
Frase1,investimento,I_DESCR
Frase1,aprile,B_MESE
Frase1,dalle,O
Frase1,diciotto,B_ORA-INIZ
Frase1,Crea,O
Frase1,un,O
Frase1,meeting,O
Frase1,chiamato,O
Frase1,gli,B_NOME-MEETING
Frase1,esperti,I_NOME-MEETING
Frase1,del,I_NOME-MEETING
Frase1,settore,I_NOME-MEETING
Frase1,per,O
Frase1,discutere,O
Frase1,le,O
Frase1,strategie,B_DESCR
Frase1,innovative,I_DESCR
